-- MySQL dump 10.13  Distrib 5.6.50, for Linux (x86_64)
--
-- Host: localhost    Database: cuzcms
-- ------------------------------------------------------
-- Server version	5.6.50-log

/*!40101 SET @OLD_CHARACTER_SET_CLIENT=@@CHARACTER_SET_CLIENT */;
/*!40101 SET @OLD_CHARACTER_SET_RESULTS=@@CHARACTER_SET_RESULTS */;
/*!40101 SET @OLD_COLLATION_CONNECTION=@@COLLATION_CONNECTION */;
/*!40101 SET NAMES utf8mb4 */;
/*!40103 SET @OLD_TIME_ZONE=@@TIME_ZONE */;
/*!40103 SET TIME_ZONE='+00:00' */;
/*!40014 SET @OLD_UNIQUE_CHECKS=@@UNIQUE_CHECKS, UNIQUE_CHECKS=0 */;
/*!40014 SET @OLD_FOREIGN_KEY_CHECKS=@@FOREIGN_KEY_CHECKS, FOREIGN_KEY_CHECKS=0 */;
/*!40101 SET @OLD_SQL_MODE=@@SQL_MODE, SQL_MODE='NO_AUTO_VALUE_ON_ZERO' */;
/*!40111 SET @OLD_SQL_NOTES=@@SQL_NOTES, SQL_NOTES=0 */;

--
-- Table structure for table `t_attendance`
--

DROP TABLE IF EXISTS `t_attendance`;
/*!40101 SET @saved_cs_client     = @@character_set_client */;
/*!40101 SET character_set_client = utf8 */;
CREATE TABLE `t_attendance` (
  `id` bigint(20) NOT NULL AUTO_INCREMENT COMMENT '主键',
  `subject` varchar(255) DEFAULT NULL COMMENT '考勤学科',
  `state` bit(1) DEFAULT b'0' COMMENT '考勤状态 0 正常 1 异常',
  `user_id` bigint(20) DEFAULT NULL COMMENT '用户id',
  `deleted` bit(1) NOT NULL DEFAULT b'0' COMMENT '是否删除',
  `create_time` datetime DEFAULT NULL COMMENT '创建时间',
  `update_time` datetime DEFAULT NULL COMMENT '更新时间',
  PRIMARY KEY (`id`)
) ENGINE=InnoDB AUTO_INCREMENT=451 DEFAULT CHARSET=utf8mb4 COMMENT='考勤表';
/*!40101 SET character_set_client = @saved_cs_client */;

--
-- Dumping data for table `t_attendance`
--

LOCK TABLES `t_attendance` WRITE;
/*!40000 ALTER TABLE `t_attendance` DISABLE KEYS */;
INSERT INTO `t_attendance` VALUES (1,'高等数学','\0',1,'\0','2022-12-10 13:12:57','2022-12-11 22:37:46'),(2,'大学英语','',1,'\0','2022-12-10 13:12:57','2022-12-11 22:37:50'),(3,'Java','\0',1,'\0','2022-12-10 13:12:57','2022-12-11 00:27:53'),(4,'Python','\0',1,'\0','2022-12-10 13:12:57','2022-12-10 13:12:57'),(5,'C语言','\0',1,'\0','2022-12-10 13:12:57','2022-12-10 13:12:57'),(6,'高等数学','\0',2,'\0','2022-12-10 13:12:57','2022-12-10 13:12:57'),(7,'大学英语','\0',2,'\0','2022-12-10 13:12:57','2022-12-10 13:12:57'),(8,'Java','\0',2,'\0','2022-12-10 13:12:57','2022-12-10 13:12:57'),(9,'Python','\0',2,'\0','2022-12-10 13:12:57','2022-12-10 13:12:57'),(10,'C语言','\0',2,'\0','2022-12-10 13:12:57','2022-12-10 13:12:57'),(11,'高等数学','\0',3,'\0','2022-12-10 13:12:57','2022-12-10 13:12:57'),(12,'大学英语','\0',3,'\0','2022-12-10 13:12:57','2022-12-10 13:12:57'),(13,'Java','\0',3,'\0','2022-12-10 13:12:57','2022-12-10 13:12:57'),(14,'Python','\0',3,'\0','2022-12-10 13:12:57','2022-12-10 13:12:57'),(15,'C语言','\0',3,'\0','2022-12-10 13:12:57','2022-12-10 13:12:57'),(16,'高等数学','\0',4,'\0','2022-12-10 13:12:57','2022-12-10 13:12:57'),(17,'大学英语','\0',4,'\0','2022-12-10 13:12:57','2022-12-10 13:12:57'),(18,'Java','\0',4,'\0','2022-12-10 13:12:57','2022-12-10 13:12:57'),(19,'Python','\0',4,'\0','2022-12-10 13:12:57','2022-12-10 13:12:57'),(20,'C语言','\0',4,'\0','2022-12-10 13:12:57','2022-12-10 13:12:57'),(21,'高等数学','\0',5,'\0','2022-12-10 13:12:57','2022-12-10 13:12:57'),(22,'大学英语','\0',5,'\0','2022-12-10 13:12:57','2022-12-10 13:12:57'),(23,'Java','\0',5,'\0','2022-12-10 13:12:57','2022-12-10 13:12:57'),(24,'Python','\0',5,'\0','2022-12-10 13:12:57','2022-12-10 13:12:57'),(25,'C语言','\0',5,'\0','2022-12-10 13:12:57','2022-12-10 13:12:57'),(26,'高等数学','\0',6,'\0','2022-12-10 13:12:58','2022-12-10 13:12:58'),(27,'大学英语','\0',6,'\0','2022-12-10 13:12:58','2022-12-10 13:12:58'),(28,'Java','\0',6,'\0','2022-12-10 13:12:58','2022-12-10 13:12:58'),(29,'Python','\0',6,'\0','2022-12-10 13:12:58','2022-12-10 13:12:58'),(30,'C语言','\0',6,'\0','2022-12-10 13:12:58','2022-12-10 13:12:58'),(31,'高等数学','\0',7,'\0','2022-12-10 13:12:58','2022-12-10 13:12:58'),(32,'大学英语','\0',7,'\0','2022-12-10 13:12:58','2022-12-10 13:12:58'),(33,'Java','\0',7,'\0','2022-12-10 13:12:58','2022-12-10 13:12:58'),(34,'Python','\0',7,'\0','2022-12-10 13:12:58','2022-12-10 13:12:58'),(35,'C语言','\0',7,'\0','2022-12-10 13:12:58','2022-12-10 13:12:58'),(36,'高等数学','\0',8,'\0','2022-12-10 13:12:58','2022-12-10 13:12:58'),(37,'大学英语','\0',8,'\0','2022-12-10 13:12:58','2022-12-10 13:12:58'),(38,'Java','\0',8,'\0','2022-12-10 13:12:58','2022-12-10 13:12:58'),(39,'Python','\0',8,'\0','2022-12-10 13:12:58','2022-12-10 13:12:58'),(40,'C语言','\0',8,'\0','2022-12-10 13:12:58','2022-12-10 13:12:58'),(41,'高等数学','\0',9,'\0','2022-12-10 13:12:58','2022-12-10 13:12:58'),(42,'大学英语','\0',9,'\0','2022-12-10 13:12:58','2022-12-10 13:12:58'),(43,'Java','\0',9,'\0','2022-12-10 13:12:58','2022-12-10 13:12:58'),(44,'Python','\0',9,'\0','2022-12-10 13:12:58','2022-12-10 13:12:58'),(45,'C语言','\0',9,'\0','2022-12-10 13:12:58','2022-12-10 13:12:58'),(46,'高等数学','\0',10,'\0','2022-12-10 13:12:58','2022-12-10 13:12:58'),(47,'大学英语','\0',10,'\0','2022-12-10 13:12:58','2022-12-10 13:12:58'),(48,'Java','\0',10,'\0','2022-12-10 13:12:58','2022-12-10 13:12:58'),(49,'Python','\0',10,'\0','2022-12-10 13:12:58','2022-12-10 13:12:58'),(50,'C语言','\0',10,'\0','2022-12-10 13:12:58','2022-12-10 13:12:58'),(51,'高等数学','\0',11,'\0','2022-12-10 13:12:58','2022-12-10 13:12:58'),(52,'大学英语','\0',11,'\0','2022-12-10 13:12:58','2022-12-10 13:12:58'),(53,'Java','\0',11,'\0','2022-12-10 13:12:58','2022-12-10 13:12:58'),(54,'Python','\0',11,'\0','2022-12-10 13:12:59','2022-12-10 13:12:59'),(55,'C语言','\0',11,'\0','2022-12-10 13:12:59','2022-12-10 13:12:59'),(56,'高等数学','\0',12,'\0','2022-12-10 13:12:59','2022-12-10 13:12:59'),(57,'大学英语','\0',12,'\0','2022-12-10 13:12:59','2022-12-10 13:12:59'),(58,'Java','\0',12,'\0','2022-12-10 13:12:59','2022-12-10 13:12:59'),(59,'Python','\0',12,'\0','2022-12-10 13:12:59','2022-12-10 13:12:59'),(60,'C语言','\0',12,'\0','2022-12-10 13:12:59','2022-12-10 13:12:59'),(61,'高等数学','\0',13,'\0','2022-12-10 13:12:59','2022-12-10 13:12:59'),(62,'大学英语','\0',13,'\0','2022-12-10 13:12:59','2022-12-10 13:12:59'),(63,'Java','\0',13,'\0','2022-12-10 13:12:59','2022-12-10 13:12:59'),(64,'Python','\0',13,'\0','2022-12-10 13:12:59','2022-12-10 13:12:59'),(65,'C语言','\0',13,'\0','2022-12-10 13:12:59','2022-12-10 13:12:59'),(66,'高等数学','\0',14,'\0','2022-12-10 13:12:59','2022-12-10 13:12:59'),(67,'大学英语','\0',14,'\0','2022-12-10 13:12:59','2022-12-10 13:12:59'),(68,'Java','\0',14,'\0','2022-12-10 13:12:59','2022-12-10 13:12:59'),(69,'Python','\0',14,'\0','2022-12-10 13:12:59','2022-12-10 13:12:59'),(70,'C语言','\0',14,'\0','2022-12-10 13:12:59','2022-12-10 13:12:59'),(71,'高等数学','\0',15,'\0','2022-12-10 13:12:59','2022-12-10 13:12:59'),(72,'大学英语','\0',15,'\0','2022-12-10 13:12:59','2022-12-10 13:12:59'),(73,'Java','\0',15,'\0','2022-12-10 13:12:59','2022-12-10 13:12:59'),(74,'Python','\0',15,'\0','2022-12-10 13:12:59','2022-12-10 13:12:59'),(75,'C语言','\0',15,'\0','2022-12-10 13:12:59','2022-12-10 13:12:59'),(76,'高等数学','\0',16,'\0','2022-12-10 13:12:59','2022-12-10 13:12:59'),(77,'大学英语','\0',16,'\0','2022-12-10 13:12:59','2022-12-10 13:12:59'),(78,'Java','\0',16,'\0','2022-12-10 13:12:59','2022-12-10 13:12:59'),(79,'Python','\0',16,'\0','2022-12-10 13:12:59','2022-12-10 13:12:59'),(80,'C语言','\0',16,'\0','2022-12-10 13:13:00','2022-12-10 13:13:00'),(81,'高等数学','\0',17,'\0','2022-12-10 13:13:00','2022-12-10 13:13:00'),(82,'大学英语','\0',17,'\0','2022-12-10 13:13:00','2022-12-10 13:13:00'),(83,'Java','\0',17,'\0','2022-12-10 13:13:00','2022-12-10 13:13:00'),(84,'Python','\0',17,'\0','2022-12-10 13:13:00','2022-12-10 13:13:00'),(85,'C语言','\0',17,'\0','2022-12-10 13:13:00','2022-12-10 13:13:00'),(86,'高等数学','\0',18,'\0','2022-12-10 13:13:00','2022-12-10 13:13:00'),(87,'大学英语','\0',18,'\0','2022-12-10 13:13:00','2022-12-10 13:13:00'),(88,'Java','\0',18,'\0','2022-12-10 13:13:00','2022-12-10 13:13:00'),(89,'Python','\0',18,'\0','2022-12-10 13:13:00','2022-12-10 13:13:00'),(90,'C语言','\0',18,'\0','2022-12-10 13:13:00','2022-12-10 13:13:00'),(91,'高等数学','\0',19,'\0','2022-12-10 13:13:00','2022-12-10 13:13:00'),(92,'大学英语','\0',19,'\0','2022-12-10 13:13:00','2022-12-10 13:13:00'),(93,'Java','\0',19,'\0','2022-12-10 13:13:00','2022-12-10 13:13:00'),(94,'Python','\0',19,'\0','2022-12-10 13:13:00','2022-12-10 13:13:00'),(95,'C语言','\0',19,'\0','2022-12-10 13:13:00','2022-12-10 13:13:00'),(96,'高等数学','\0',20,'\0','2022-12-10 13:13:00','2022-12-10 13:13:00'),(97,'大学英语','\0',20,'\0','2022-12-10 13:13:00','2022-12-10 13:13:00'),(98,'Java','\0',20,'\0','2022-12-10 13:13:00','2022-12-10 13:13:00'),(99,'Python','\0',20,'\0','2022-12-10 13:13:00','2022-12-10 13:13:00'),(100,'C语言','\0',20,'\0','2022-12-10 13:13:00','2022-12-10 13:13:00'),(101,'高等数学','\0',21,'\0','2022-12-10 13:13:00','2022-12-10 13:13:00'),(102,'大学英语','\0',21,'\0','2022-12-10 13:13:00','2022-12-10 13:13:00'),(103,'Java','\0',21,'\0','2022-12-10 13:13:01','2022-12-10 13:13:01'),(104,'Python','\0',21,'\0','2022-12-10 13:13:01','2022-12-10 13:13:01'),(105,'C语言','\0',21,'\0','2022-12-10 13:13:01','2022-12-10 13:13:01'),(106,'高等数学','\0',22,'\0','2022-12-10 13:13:01','2022-12-10 13:13:01'),(107,'大学英语','\0',22,'\0','2022-12-10 13:13:01','2022-12-10 13:13:01'),(108,'Java','\0',22,'\0','2022-12-10 13:13:01','2022-12-10 13:13:01'),(109,'Python','\0',22,'\0','2022-12-10 13:13:01','2022-12-10 13:13:01'),(110,'C语言','\0',22,'\0','2022-12-10 13:13:01','2022-12-10 13:13:01'),(111,'高等数学','\0',23,'\0','2022-12-10 13:13:01','2022-12-10 13:13:01'),(112,'大学英语','\0',23,'\0','2022-12-10 13:13:01','2022-12-10 13:13:01'),(113,'Java','\0',23,'\0','2022-12-10 13:13:01','2022-12-10 13:13:01'),(114,'Python','\0',23,'\0','2022-12-10 13:13:01','2022-12-10 13:13:01'),(115,'C语言','\0',23,'\0','2022-12-10 13:13:01','2022-12-10 13:13:01'),(116,'高等数学','\0',24,'\0','2022-12-10 13:13:01','2022-12-10 13:13:01'),(117,'大学英语','\0',24,'\0','2022-12-10 13:13:01','2022-12-10 13:13:01'),(118,'Java','\0',24,'\0','2022-12-10 13:13:01','2022-12-10 13:13:01'),(119,'Python','\0',24,'\0','2022-12-10 13:13:01','2022-12-10 13:13:01'),(120,'C语言','\0',24,'\0','2022-12-10 13:13:01','2022-12-10 13:13:01'),(121,'高等数学','\0',25,'\0','2022-12-10 13:13:01','2022-12-10 13:13:01'),(122,'大学英语','\0',25,'\0','2022-12-10 13:13:01','2022-12-10 13:13:01'),(123,'Java','\0',25,'\0','2022-12-10 13:13:01','2022-12-10 13:13:01'),(124,'Python','\0',25,'\0','2022-12-10 13:13:01','2022-12-10 13:13:01'),(125,'C语言','\0',25,'\0','2022-12-10 13:13:01','2022-12-10 13:13:01'),(126,'高等数学','\0',26,'\0','2022-12-10 13:13:01','2022-12-10 13:13:01'),(127,'大学英语','\0',26,'\0','2022-12-10 13:13:01','2022-12-10 13:13:01'),(128,'Java','\0',26,'\0','2022-12-10 13:13:02','2022-12-10 13:13:02'),(129,'Python','\0',26,'\0','2022-12-10 13:13:02','2022-12-10 13:13:02'),(130,'C语言','\0',26,'\0','2022-12-10 13:13:02','2022-12-10 13:13:02'),(131,'高等数学','\0',27,'\0','2022-12-10 13:13:02','2022-12-10 13:13:02'),(132,'大学英语','\0',27,'\0','2022-12-10 13:13:02','2022-12-10 13:13:02'),(133,'Java','\0',27,'\0','2022-12-10 13:13:02','2022-12-10 13:13:02'),(134,'Python','\0',27,'\0','2022-12-10 13:13:02','2022-12-10 13:13:02'),(135,'C语言','\0',27,'\0','2022-12-10 13:13:02','2022-12-10 13:13:02'),(136,'高等数学','\0',28,'\0','2022-12-10 13:13:02','2022-12-10 13:13:02'),(137,'大学英语','\0',28,'\0','2022-12-10 13:13:02','2022-12-10 13:13:02'),(138,'Java','\0',28,'\0','2022-12-10 13:13:02','2022-12-10 13:13:02'),(139,'Python','\0',28,'\0','2022-12-10 13:13:02','2022-12-10 13:13:02'),(140,'C语言','\0',28,'\0','2022-12-10 13:13:02','2022-12-10 13:13:02'),(141,'高等数学','\0',29,'\0','2022-12-10 13:13:02','2022-12-10 13:13:02'),(142,'大学英语','\0',29,'\0','2022-12-10 13:13:02','2022-12-10 13:13:02'),(143,'Java','\0',29,'\0','2022-12-10 13:13:02','2022-12-10 13:13:02'),(144,'Python','\0',29,'\0','2022-12-10 13:13:02','2022-12-10 13:13:02'),(145,'C语言','\0',29,'\0','2022-12-10 13:13:02','2022-12-10 13:13:02'),(146,'高等数学','\0',30,'\0','2022-12-10 13:13:02','2022-12-10 13:13:02'),(147,'大学英语','\0',30,'\0','2022-12-10 13:13:02','2022-12-10 13:13:02'),(148,'Java','\0',30,'\0','2022-12-10 13:13:02','2022-12-10 13:13:02'),(149,'Python','\0',30,'\0','2022-12-10 13:13:02','2022-12-10 13:13:02'),(150,'C语言','\0',30,'\0','2022-12-10 13:13:02','2022-12-10 13:13:02'),(151,'高等数学','\0',31,'\0','2022-12-10 13:13:02','2022-12-10 13:13:02'),(152,'大学英语','\0',31,'\0','2022-12-10 13:13:02','2022-12-10 13:13:02'),(153,'Java','\0',31,'\0','2022-12-10 13:13:02','2022-12-10 13:13:02'),(154,'Python','\0',31,'\0','2022-12-10 13:13:02','2022-12-10 13:13:02'),(155,'C语言','\0',31,'\0','2022-12-10 13:13:03','2022-12-10 13:13:03'),(156,'高等数学','\0',32,'\0','2022-12-10 13:13:03','2022-12-10 13:13:03'),(157,'大学英语','\0',32,'\0','2022-12-10 13:13:03','2022-12-10 13:13:03'),(158,'Java','\0',32,'\0','2022-12-10 13:13:03','2022-12-10 13:13:03'),(159,'Python','\0',32,'\0','2022-12-10 13:13:03','2022-12-10 13:13:03'),(160,'C语言','\0',32,'\0','2022-12-10 13:13:03','2022-12-10 13:13:03'),(161,'高等数学','\0',33,'\0','2022-12-10 13:13:03','2022-12-10 13:13:03'),(162,'大学英语','\0',33,'\0','2022-12-10 13:13:03','2022-12-10 13:13:03'),(163,'Java','\0',33,'\0','2022-12-10 13:13:03','2022-12-10 13:13:03'),(164,'Python','\0',33,'\0','2022-12-10 13:13:03','2022-12-10 13:13:03'),(165,'C语言','\0',33,'\0','2022-12-10 13:13:03','2022-12-10 13:13:03'),(166,'高等数学','\0',34,'\0','2022-12-10 13:13:03','2022-12-10 13:13:03'),(167,'大学英语','\0',34,'\0','2022-12-10 13:13:03','2022-12-10 13:13:03'),(168,'Java','\0',34,'\0','2022-12-10 13:13:03','2022-12-10 13:13:03'),(169,'Python','\0',34,'\0','2022-12-10 13:13:03','2022-12-10 13:13:03'),(170,'C语言','\0',34,'\0','2022-12-10 13:13:03','2022-12-10 13:13:03'),(171,'高等数学','\0',35,'\0','2022-12-10 13:13:03','2022-12-10 13:13:03'),(172,'大学英语','\0',35,'\0','2022-12-10 13:13:03','2022-12-10 13:13:03'),(173,'Java','\0',35,'\0','2022-12-10 13:13:03','2022-12-10 13:13:03'),(174,'Python','\0',35,'\0','2022-12-10 13:13:03','2022-12-10 13:13:03'),(175,'C语言','\0',35,'\0','2022-12-10 13:13:03','2022-12-10 13:13:03'),(176,'高等数学','\0',36,'\0','2022-12-10 13:13:03','2022-12-10 13:13:03'),(177,'大学英语','\0',36,'\0','2022-12-10 13:13:03','2022-12-10 13:13:03'),(178,'Java','\0',36,'\0','2022-12-10 13:13:03','2022-12-10 13:13:03'),(179,'Python','\0',36,'\0','2022-12-10 13:13:03','2022-12-10 13:13:03'),(180,'C语言','\0',36,'\0','2022-12-10 13:13:04','2022-12-10 13:13:04'),(181,'高等数学','\0',37,'\0','2022-12-10 13:13:04','2022-12-10 13:13:04'),(182,'大学英语','\0',37,'\0','2022-12-10 13:13:04','2022-12-10 13:13:04'),(183,'Java','\0',37,'\0','2022-12-10 13:13:04','2022-12-10 13:13:04'),(184,'Python','\0',37,'\0','2022-12-10 13:13:04','2022-12-10 13:13:04'),(185,'C语言','\0',37,'\0','2022-12-10 13:13:04','2022-12-10 13:13:04'),(186,'高等数学','\0',38,'\0','2022-12-10 13:13:04','2022-12-10 13:13:04'),(187,'大学英语','\0',38,'\0','2022-12-10 13:13:04','2022-12-10 13:13:04'),(188,'Java','\0',38,'\0','2022-12-10 13:13:04','2022-12-10 13:13:04'),(189,'Python','\0',38,'\0','2022-12-10 13:13:04','2022-12-10 13:13:04'),(190,'C语言','\0',38,'\0','2022-12-10 13:13:04','2022-12-10 13:13:04'),(191,'高等数学','\0',39,'\0','2022-12-10 13:13:04','2022-12-10 13:13:04'),(192,'大学英语','\0',39,'\0','2022-12-10 13:13:04','2022-12-10 13:13:04'),(193,'Java','\0',39,'\0','2022-12-10 13:13:04','2022-12-10 13:13:04'),(194,'Python','\0',39,'\0','2022-12-10 13:13:04','2022-12-10 13:13:04'),(195,'C语言','\0',39,'\0','2022-12-10 13:13:04','2022-12-10 13:13:04'),(196,'高等数学','\0',40,'\0','2022-12-10 13:13:04','2022-12-10 13:13:04'),(197,'大学英语','\0',40,'\0','2022-12-10 13:13:04','2022-12-10 13:13:04'),(198,'Java','\0',40,'\0','2022-12-10 13:13:04','2022-12-10 13:13:04'),(199,'Python','\0',40,'\0','2022-12-10 13:13:04','2022-12-10 13:13:04'),(200,'C语言','\0',40,'\0','2022-12-10 13:13:04','2022-12-10 13:13:04'),(201,'高等数学','\0',41,'\0','2022-12-10 13:13:04','2022-12-10 13:13:04'),(202,'大学英语','\0',41,'\0','2022-12-10 13:13:04','2022-12-10 13:13:04'),(203,'Java','\0',41,'\0','2022-12-10 13:13:04','2022-12-10 13:13:04'),(204,'Python','\0',41,'\0','2022-12-10 13:13:04','2022-12-10 13:13:04'),(205,'C语言','\0',41,'\0','2022-12-10 13:13:04','2022-12-10 13:13:04'),(206,'高等数学','\0',42,'\0','2022-12-10 13:13:04','2022-12-10 13:13:04'),(207,'大学英语','\0',42,'\0','2022-12-10 13:13:04','2022-12-10 13:13:04'),(208,'Java','\0',42,'\0','2022-12-10 13:13:05','2022-12-10 13:13:05'),(209,'Python','\0',42,'\0','2022-12-10 13:13:05','2022-12-10 13:13:05'),(210,'C语言','\0',42,'\0','2022-12-10 13:13:05','2022-12-10 13:13:05'),(211,'高等数学','\0',43,'\0','2022-12-10 13:13:05','2022-12-10 13:13:05'),(212,'大学英语','\0',43,'\0','2022-12-10 13:13:05','2022-12-10 13:13:05'),(213,'Java','\0',43,'\0','2022-12-10 13:13:05','2022-12-10 13:13:05'),(214,'Python','\0',43,'\0','2022-12-10 13:13:05','2022-12-10 13:13:05'),(215,'C语言','\0',43,'\0','2022-12-10 13:13:05','2022-12-10 13:13:05'),(216,'高等数学','\0',44,'\0','2022-12-10 13:13:05','2022-12-10 13:13:05'),(217,'大学英语','\0',44,'\0','2022-12-10 13:13:05','2022-12-10 13:13:05'),(218,'Java','\0',44,'\0','2022-12-10 13:13:05','2022-12-10 13:13:05'),(219,'Python','\0',44,'\0','2022-12-10 13:13:05','2022-12-10 13:13:05'),(220,'C语言','\0',44,'\0','2022-12-10 13:13:05','2022-12-10 13:13:05'),(221,'高等数学','\0',45,'\0','2022-12-10 13:13:05','2022-12-10 13:13:05'),(222,'大学英语','\0',45,'\0','2022-12-10 13:13:05','2022-12-10 13:13:05'),(223,'Java','\0',45,'\0','2022-12-10 13:13:05','2022-12-10 13:13:05'),(224,'Python','\0',45,'\0','2022-12-10 13:13:05','2022-12-10 13:13:05'),(225,'C语言','\0',45,'\0','2022-12-10 13:13:05','2022-12-10 13:13:05'),(226,'高等数学','\0',46,'\0','2022-12-10 13:13:05','2022-12-10 13:13:05'),(227,'大学英语','\0',46,'\0','2022-12-10 13:13:05','2022-12-10 13:13:05'),(228,'Java','\0',46,'\0','2022-12-10 13:13:05','2022-12-10 13:13:05'),(229,'Python','\0',46,'\0','2022-12-10 13:13:05','2022-12-10 13:13:05'),(230,'C语言','\0',46,'\0','2022-12-10 13:13:05','2022-12-10 13:13:05'),(231,'高等数学','\0',47,'\0','2022-12-10 13:13:05','2022-12-10 13:13:05'),(232,'大学英语','\0',47,'\0','2022-12-10 13:13:05','2022-12-10 13:13:05'),(233,'Java','\0',47,'\0','2022-12-10 13:13:05','2022-12-10 13:13:05'),(234,'Python','\0',47,'\0','2022-12-10 13:13:05','2022-12-10 13:13:05'),(235,'C语言','\0',47,'\0','2022-12-10 13:13:05','2022-12-10 13:13:05'),(236,'高等数学','\0',48,'\0','2022-12-10 13:13:06','2022-12-10 13:13:06'),(237,'大学英语','\0',48,'\0','2022-12-10 13:13:06','2022-12-10 13:13:06'),(238,'Java','\0',48,'\0','2022-12-10 13:13:06','2022-12-10 13:13:06'),(239,'Python','\0',48,'\0','2022-12-10 13:13:06','2022-12-10 13:13:06'),(240,'C语言','\0',48,'\0','2022-12-10 13:13:06','2022-12-10 13:13:06'),(241,'高等数学','\0',49,'\0','2022-12-10 13:13:06','2022-12-10 13:13:06'),(242,'大学英语','\0',49,'\0','2022-12-10 13:13:06','2022-12-10 13:13:06'),(243,'Java','\0',49,'\0','2022-12-10 13:13:06','2022-12-10 13:13:06'),(244,'Python','\0',49,'\0','2022-12-10 13:13:06','2022-12-10 13:13:06'),(245,'C语言','\0',49,'\0','2022-12-10 13:13:06','2022-12-10 13:13:06'),(246,'高等数学','\0',50,'\0','2022-12-10 13:13:06','2022-12-10 13:13:06'),(247,'大学英语','\0',50,'\0','2022-12-10 13:13:06','2022-12-10 13:13:06'),(248,'Java','\0',50,'\0','2022-12-10 13:13:06','2022-12-10 13:13:06'),(249,'Python','\0',50,'\0','2022-12-10 13:13:06','2022-12-10 13:13:06'),(250,'C语言','\0',50,'\0','2022-12-10 13:13:06','2022-12-10 13:13:06'),(251,'高等数学','\0',51,'\0','2022-12-10 13:13:06','2022-12-10 13:13:06'),(252,'大学英语','\0',51,'\0','2022-12-10 13:13:06','2022-12-10 13:13:06'),(253,'Java','\0',51,'\0','2022-12-10 13:13:06','2022-12-10 13:13:06'),(254,'Python','\0',51,'\0','2022-12-10 13:13:06','2022-12-10 13:13:06'),(255,'C语言','\0',51,'\0','2022-12-10 13:13:06','2022-12-10 13:13:06'),(256,'高等数学','\0',52,'\0','2022-12-10 13:13:06','2022-12-10 13:13:06'),(257,'大学英语','\0',52,'\0','2022-12-10 13:13:06','2022-12-10 13:13:06'),(258,'Java','\0',52,'\0','2022-12-10 13:13:06','2022-12-10 13:13:06'),(259,'Python','\0',52,'\0','2022-12-10 13:13:06','2022-12-10 13:13:06'),(260,'C语言','\0',52,'\0','2022-12-10 13:13:06','2022-12-10 13:13:06'),(261,'高等数学','\0',53,'\0','2022-12-10 13:13:06','2022-12-10 13:13:06'),(262,'大学英语','\0',53,'\0','2022-12-10 13:13:06','2022-12-10 13:13:06'),(263,'Java','\0',53,'\0','2022-12-10 13:13:06','2022-12-10 13:13:06'),(264,'Python','\0',53,'\0','2022-12-10 13:13:07','2022-12-10 13:13:07'),(265,'C语言','\0',53,'\0','2022-12-10 13:13:07','2022-12-10 13:13:07'),(266,'高等数学','\0',54,'\0','2022-12-10 13:13:07','2022-12-10 13:13:07'),(267,'大学英语','\0',54,'\0','2022-12-10 13:13:07','2022-12-10 13:13:07'),(268,'Java','\0',54,'\0','2022-12-10 13:13:07','2022-12-10 13:13:07'),(269,'Python','\0',54,'\0','2022-12-10 13:13:07','2022-12-10 13:13:07'),(270,'C语言','\0',54,'\0','2022-12-10 13:13:07','2022-12-10 13:13:07'),(271,'高等数学','\0',55,'\0','2022-12-10 13:13:07','2022-12-10 13:13:07'),(272,'大学英语','\0',55,'\0','2022-12-10 13:13:07','2022-12-10 13:13:07'),(273,'Java','\0',55,'\0','2022-12-10 13:13:07','2022-12-10 13:13:07'),(274,'Python','\0',55,'\0','2022-12-10 13:13:07','2022-12-10 13:13:07'),(275,'C语言','\0',55,'\0','2022-12-10 13:13:07','2022-12-10 13:13:07'),(276,'高等数学','\0',56,'\0','2022-12-10 13:13:07','2022-12-10 13:13:07'),(277,'大学英语','\0',56,'\0','2022-12-10 13:13:07','2022-12-10 13:13:07'),(278,'Java','\0',56,'\0','2022-12-10 13:13:07','2022-12-10 13:13:07'),(279,'Python','\0',56,'\0','2022-12-10 13:13:07','2022-12-10 13:13:07'),(280,'C语言','\0',56,'\0','2022-12-10 13:13:07','2022-12-10 13:13:07'),(281,'高等数学','\0',57,'\0','2022-12-10 13:13:07','2022-12-10 13:13:07'),(282,'大学英语','\0',57,'\0','2022-12-10 13:13:07','2022-12-10 13:13:07'),(283,'Java','\0',57,'\0','2022-12-10 13:13:07','2022-12-10 13:13:07'),(284,'Python','\0',57,'\0','2022-12-10 13:13:07','2022-12-10 13:13:07'),(285,'C语言','\0',57,'\0','2022-12-10 13:13:07','2022-12-10 13:13:07'),(286,'高等数学','\0',58,'\0','2022-12-10 13:13:07','2022-12-10 13:13:07'),(287,'大学英语','\0',58,'\0','2022-12-10 13:13:07','2022-12-10 13:13:07'),(288,'Java','\0',58,'\0','2022-12-10 13:13:07','2022-12-10 13:13:07'),(289,'Python','\0',58,'\0','2022-12-10 13:13:07','2022-12-10 13:13:07'),(290,'C语言','\0',58,'\0','2022-12-10 13:13:07','2022-12-10 13:13:07'),(291,'高等数学','\0',59,'\0','2022-12-10 13:13:07','2022-12-10 13:13:07'),(292,'大学英语','\0',59,'\0','2022-12-10 13:13:07','2022-12-10 13:13:07'),(293,'Java','\0',59,'\0','2022-12-10 13:13:08','2022-12-10 13:13:08'),(294,'Python','\0',59,'\0','2022-12-10 13:13:08','2022-12-10 13:13:08'),(295,'C语言','\0',59,'\0','2022-12-10 13:13:08','2022-12-10 13:13:08'),(296,'高等数学','\0',60,'\0','2022-12-10 13:13:08','2022-12-10 13:13:08'),(297,'大学英语','\0',60,'\0','2022-12-10 13:13:08','2022-12-10 13:13:08'),(298,'Java','\0',60,'\0','2022-12-10 13:13:08','2022-12-10 13:13:08'),(299,'Python','\0',60,'\0','2022-12-10 13:13:08','2022-12-10 13:13:08'),(300,'C语言','\0',60,'\0','2022-12-10 13:13:08','2022-12-10 13:13:08'),(301,'高等数学','\0',61,'\0','2022-12-10 13:13:08','2022-12-10 13:13:08'),(302,'大学英语','\0',61,'\0','2022-12-10 13:13:08','2022-12-10 13:13:08'),(303,'Java','\0',61,'\0','2022-12-10 13:13:08','2022-12-10 13:13:08'),(304,'Python','\0',61,'\0','2022-12-10 13:13:08','2022-12-10 13:13:08'),(305,'C语言','\0',61,'\0','2022-12-10 13:13:08','2022-12-10 13:13:08'),(306,'高等数学','\0',62,'\0','2022-12-10 13:13:08','2022-12-10 13:13:08'),(307,'大学英语','\0',62,'\0','2022-12-10 13:13:08','2022-12-10 13:13:08'),(308,'Java','\0',62,'\0','2022-12-10 13:13:08','2022-12-10 13:13:08'),(309,'Python','\0',62,'\0','2022-12-10 13:13:08','2022-12-10 13:13:08'),(310,'C语言','\0',62,'\0','2022-12-10 13:13:08','2022-12-10 13:13:08'),(311,'高等数学','\0',63,'\0','2022-12-10 13:13:08','2022-12-10 13:13:08'),(312,'大学英语','\0',63,'\0','2022-12-10 13:13:08','2022-12-10 13:13:08'),(313,'Java','\0',63,'\0','2022-12-10 13:13:08','2022-12-10 13:13:08'),(314,'Python','\0',63,'\0','2022-12-10 13:13:08','2022-12-10 13:13:08'),(315,'C语言','\0',63,'\0','2022-12-10 13:13:08','2022-12-10 13:13:08'),(316,'高等数学','\0',64,'\0','2022-12-10 13:13:08','2022-12-10 13:13:08'),(317,'大学英语','\0',64,'\0','2022-12-10 13:13:08','2022-12-10 13:13:08'),(318,'Java','\0',64,'\0','2022-12-10 13:13:09','2022-12-10 13:13:09'),(319,'Python','\0',64,'\0','2022-12-10 13:13:09','2022-12-10 13:13:09'),(320,'C语言','\0',64,'\0','2022-12-10 13:13:09','2022-12-10 13:13:09'),(321,'高等数学','\0',65,'\0','2022-12-10 13:13:09','2022-12-10 13:13:09'),(322,'大学英语','\0',65,'\0','2022-12-10 13:13:09','2022-12-10 13:13:09'),(323,'Java','\0',65,'\0','2022-12-10 13:13:09','2022-12-10 13:13:09'),(324,'Python','\0',65,'\0','2022-12-10 13:13:09','2022-12-10 13:13:09'),(325,'C语言','\0',65,'\0','2022-12-10 13:13:09','2022-12-10 13:13:09'),(326,'高等数学','\0',66,'\0','2022-12-10 13:13:09','2022-12-10 13:13:09'),(327,'大学英语','\0',66,'\0','2022-12-10 13:13:09','2022-12-10 13:13:09'),(328,'Java','\0',66,'\0','2022-12-10 13:13:09','2022-12-10 13:13:09'),(329,'Python','\0',66,'\0','2022-12-10 13:13:09','2022-12-10 13:13:09'),(330,'C语言','\0',66,'\0','2022-12-10 13:13:09','2022-12-10 13:13:09'),(331,'高等数学','\0',67,'\0','2022-12-10 13:13:09','2022-12-10 13:13:09'),(332,'大学英语','\0',67,'\0','2022-12-10 13:13:09','2022-12-10 13:13:09'),(333,'Java','\0',67,'\0','2022-12-10 13:13:09','2022-12-10 13:13:09'),(334,'Python','\0',67,'\0','2022-12-10 13:13:09','2022-12-10 13:13:09'),(335,'C语言','\0',67,'\0','2022-12-10 13:13:09','2022-12-10 13:13:09'),(336,'高等数学','\0',68,'\0','2022-12-10 13:13:09','2022-12-10 13:13:09'),(337,'大学英语','\0',68,'\0','2022-12-10 13:13:09','2022-12-10 13:13:09'),(338,'Java','\0',68,'\0','2022-12-10 13:13:09','2022-12-10 13:13:09'),(339,'Python','\0',68,'\0','2022-12-10 13:13:09','2022-12-10 13:13:09'),(340,'C语言','\0',68,'\0','2022-12-10 13:13:09','2022-12-10 13:13:09'),(341,'高等数学','\0',69,'\0','2022-12-10 13:13:09','2022-12-10 13:13:09'),(342,'大学英语','\0',69,'\0','2022-12-10 13:13:09','2022-12-10 13:13:09'),(343,'Java','\0',69,'\0','2022-12-10 13:13:09','2022-12-10 13:13:09'),(344,'Python','\0',69,'\0','2022-12-10 13:13:10','2022-12-10 13:13:10'),(345,'C语言','\0',69,'\0','2022-12-10 13:13:10','2022-12-10 13:13:10'),(346,'高等数学','\0',70,'\0','2022-12-10 13:13:10','2022-12-10 13:13:10'),(347,'大学英语','\0',70,'\0','2022-12-10 13:13:10','2022-12-10 13:13:10'),(348,'Java','\0',70,'\0','2022-12-10 13:13:10','2022-12-10 13:13:10'),(349,'Python','\0',70,'\0','2022-12-10 13:13:10','2022-12-10 13:13:10'),(350,'C语言','\0',70,'\0','2022-12-10 13:13:10','2022-12-10 13:13:10'),(351,'高等数学','\0',71,'\0','2022-12-10 13:13:10','2022-12-10 13:13:10'),(352,'大学英语','\0',71,'\0','2022-12-10 13:13:10','2022-12-10 13:13:10'),(353,'Java','\0',71,'\0','2022-12-10 13:13:10','2022-12-10 13:13:10'),(354,'Python','\0',71,'\0','2022-12-10 13:13:10','2022-12-10 13:13:10'),(355,'C语言','\0',71,'\0','2022-12-10 13:13:10','2022-12-10 13:13:10'),(356,'高等数学','\0',72,'\0','2022-12-10 13:13:10','2022-12-10 13:13:10'),(357,'大学英语','\0',72,'\0','2022-12-10 13:13:10','2022-12-10 13:13:10'),(358,'Java','\0',72,'\0','2022-12-10 13:13:10','2022-12-10 13:13:10'),(359,'Python','\0',72,'\0','2022-12-10 13:13:10','2022-12-10 13:13:10'),(360,'C语言','\0',72,'\0','2022-12-10 13:13:10','2022-12-10 13:13:10'),(361,'高等数学','\0',73,'\0','2022-12-10 13:13:10','2022-12-10 13:13:10'),(362,'大学英语','\0',73,'\0','2022-12-10 13:13:10','2022-12-10 13:13:10'),(363,'Java','\0',73,'\0','2022-12-10 13:13:10','2022-12-10 13:13:10'),(364,'Python','\0',73,'\0','2022-12-10 13:13:11','2022-12-10 13:13:11'),(365,'C语言','\0',73,'\0','2022-12-10 13:13:11','2022-12-10 13:13:11'),(366,'高等数学','\0',74,'\0','2022-12-10 13:13:11','2022-12-10 13:13:11'),(367,'大学英语','\0',74,'\0','2022-12-10 13:13:11','2022-12-10 13:13:11'),(368,'Java','\0',74,'\0','2022-12-10 13:13:11','2022-12-10 13:13:11'),(369,'Python','\0',74,'\0','2022-12-10 13:13:11','2022-12-10 13:13:11'),(370,'C语言','\0',74,'\0','2022-12-10 13:13:11','2022-12-10 13:13:11'),(371,'高等数学','\0',75,'\0','2022-12-10 13:13:11','2022-12-10 13:13:11'),(372,'大学英语','\0',75,'\0','2022-12-10 13:13:11','2022-12-10 13:13:11'),(373,'Java','\0',75,'\0','2022-12-10 13:13:11','2022-12-10 13:13:11'),(374,'Python','\0',75,'\0','2022-12-10 13:13:11','2022-12-10 13:13:11'),(375,'C语言','\0',75,'\0','2022-12-10 13:13:11','2022-12-10 13:13:11'),(376,'高等数学','\0',76,'\0','2022-12-10 13:13:11','2022-12-10 13:13:11'),(377,'大学英语','\0',76,'\0','2022-12-10 13:13:11','2022-12-10 13:13:11'),(378,'Java','\0',76,'\0','2022-12-10 13:13:11','2022-12-10 13:13:11'),(379,'Python','\0',76,'\0','2022-12-10 13:13:11','2022-12-10 13:13:11'),(380,'C语言','\0',76,'\0','2022-12-10 13:13:11','2022-12-10 13:13:11'),(381,'高等数学','\0',77,'\0','2022-12-10 13:13:11','2022-12-10 13:13:11'),(382,'大学英语','\0',77,'\0','2022-12-10 13:13:11','2022-12-10 13:13:11'),(383,'Java','\0',77,'\0','2022-12-10 13:13:11','2022-12-10 13:13:11'),(384,'Python','\0',77,'\0','2022-12-10 13:13:11','2022-12-10 13:13:11'),(385,'C语言','\0',77,'\0','2022-12-10 13:13:11','2022-12-10 13:13:11'),(386,'高等数学','\0',78,'\0','2022-12-10 13:13:11','2022-12-10 13:13:11'),(387,'大学英语','\0',78,'\0','2022-12-10 13:13:11','2022-12-10 13:13:11'),(388,'Java','\0',78,'\0','2022-12-10 13:13:11','2022-12-10 13:13:11'),(389,'Python','\0',78,'\0','2022-12-10 13:13:12','2022-12-10 13:13:12'),(390,'C语言','\0',78,'\0','2022-12-10 13:13:12','2022-12-10 13:13:12'),(391,'高等数学','\0',79,'\0','2022-12-10 13:13:12','2022-12-10 13:13:12'),(392,'大学英语','\0',79,'\0','2022-12-10 13:13:12','2022-12-10 13:13:12'),(393,'Java','\0',79,'\0','2022-12-10 13:13:12','2022-12-10 13:13:12'),(394,'Python','\0',79,'\0','2022-12-10 13:13:12','2022-12-10 13:13:12'),(395,'C语言','\0',79,'\0','2022-12-10 13:13:12','2022-12-10 13:13:12'),(396,'高等数学','\0',80,'\0','2022-12-10 13:13:12','2022-12-10 13:13:12'),(397,'大学英语','\0',80,'\0','2022-12-10 13:13:12','2022-12-10 13:13:12'),(398,'Java','\0',80,'\0','2022-12-10 13:13:12','2022-12-10 13:13:12'),(399,'Python','\0',80,'\0','2022-12-10 13:13:12','2022-12-10 13:13:12'),(400,'C语言','\0',80,'\0','2022-12-10 13:13:12','2022-12-10 13:13:12'),(401,'高等数学','\0',81,'\0','2022-12-10 13:13:12','2022-12-10 13:13:12'),(402,'大学英语','\0',81,'\0','2022-12-10 13:13:12','2022-12-10 13:13:12'),(403,'Java','\0',81,'\0','2022-12-10 13:13:12','2022-12-10 13:13:12'),(404,'Python','\0',81,'\0','2022-12-10 13:13:12','2022-12-10 13:13:12'),(405,'C语言','\0',81,'\0','2022-12-10 13:13:12','2022-12-10 13:13:12'),(406,'高等数学','\0',82,'\0','2022-12-10 13:13:12','2022-12-10 13:13:12'),(407,'大学英语','\0',82,'\0','2022-12-10 13:13:12','2022-12-10 13:13:12'),(408,'Java','\0',82,'\0','2022-12-10 13:13:12','2022-12-10 13:13:12'),(409,'Python','\0',82,'\0','2022-12-10 13:13:12','2022-12-10 13:13:12'),(410,'C语言','\0',82,'\0','2022-12-10 13:13:12','2022-12-10 13:13:12'),(411,'高等数学','\0',83,'\0','2022-12-10 13:13:12','2022-12-10 13:13:12'),(412,'大学英语','\0',83,'\0','2022-12-10 13:13:12','2022-12-10 13:13:12'),(413,'Java','\0',83,'\0','2022-12-10 13:13:13','2022-12-10 13:13:13'),(414,'Python','\0',83,'\0','2022-12-10 13:13:13','2022-12-10 13:13:13'),(415,'C语言','\0',83,'\0','2022-12-10 13:13:13','2022-12-10 13:13:13'),(416,'高等数学','\0',84,'\0','2022-12-10 13:13:13','2022-12-10 13:13:13'),(417,'大学英语','\0',84,'\0','2022-12-10 13:13:13','2022-12-10 13:13:13'),(418,'Java','\0',84,'\0','2022-12-10 13:13:13','2022-12-10 13:13:13'),(419,'Python','\0',84,'\0','2022-12-10 13:13:13','2022-12-10 13:13:13'),(420,'C语言','\0',84,'\0','2022-12-10 13:13:13','2022-12-10 13:13:13'),(421,'高等数学','\0',85,'\0','2022-12-10 13:13:13','2022-12-10 13:13:13'),(422,'大学英语','\0',85,'\0','2022-12-10 13:13:13','2022-12-10 13:13:13'),(423,'Java','\0',85,'\0','2022-12-10 13:13:13','2022-12-10 13:13:13'),(424,'Python','\0',85,'\0','2022-12-10 13:13:13','2022-12-10 13:13:13'),(425,'C语言','\0',85,'\0','2022-12-10 13:13:13','2022-12-10 13:13:13'),(426,'高等数学','\0',86,'\0','2022-12-10 13:13:13','2022-12-10 13:13:13'),(427,'大学英语','\0',86,'\0','2022-12-10 13:13:13','2022-12-10 13:13:13'),(428,'Java','\0',86,'\0','2022-12-10 13:13:13','2022-12-10 13:13:13'),(429,'Python','\0',86,'\0','2022-12-10 13:13:13','2022-12-10 13:13:13'),(430,'C语言','\0',86,'\0','2022-12-10 13:13:13','2022-12-10 13:13:13'),(431,'高等数学','\0',87,'\0','2022-12-10 13:13:13','2022-12-10 13:13:13'),(432,'大学英语','\0',87,'\0','2022-12-10 13:13:13','2022-12-10 13:13:13'),(433,'Java','\0',87,'\0','2022-12-10 13:13:13','2022-12-10 13:13:13'),(434,'Python','\0',87,'\0','2022-12-10 13:13:13','2022-12-10 13:13:13'),(435,'C语言','\0',87,'\0','2022-12-10 13:13:13','2022-12-10 13:13:13'),(436,'高等数学','\0',88,'\0','2022-12-10 13:13:13','2022-12-10 13:13:13'),(437,'大学英语','\0',88,'\0','2022-12-10 13:13:14','2022-12-10 13:13:14'),(438,'Java','\0',88,'\0','2022-12-10 13:13:14','2022-12-10 13:13:14'),(439,'Python','\0',88,'\0','2022-12-10 13:13:14','2022-12-10 13:13:14'),(440,'C语言','\0',88,'\0','2022-12-10 13:13:14','2022-12-10 13:13:14'),(441,'高等数学','\0',89,'\0','2022-12-10 13:13:14','2022-12-10 13:13:14'),(442,'大学英语','\0',89,'\0','2022-12-10 13:13:14','2022-12-10 13:13:14'),(443,'Java','\0',89,'\0','2022-12-10 13:13:14','2022-12-10 13:13:14'),(444,'Python','\0',89,'\0','2022-12-10 13:13:14','2022-12-10 13:13:14'),(445,'C语言','\0',89,'\0','2022-12-10 13:13:14','2022-12-10 13:13:14'),(446,'高等数学','\0',90,'\0','2022-12-10 13:13:14','2022-12-10 13:13:14'),(447,'大学英语','\0',90,'\0','2022-12-10 13:13:14','2022-12-10 13:13:14'),(448,'Java','\0',90,'\0','2022-12-10 13:13:14','2022-12-10 13:13:14'),(449,'Python','\0',90,'\0','2022-12-10 13:13:14','2022-12-10 13:13:14'),(450,'C语言','\0',90,'\0','2022-12-10 13:13:14','2022-12-10 13:13:14');
/*!40000 ALTER TABLE `t_attendance` ENABLE KEYS */;
UNLOCK TABLES;

--
-- Table structure for table `t_dormitory`
--

DROP TABLE IF EXISTS `t_dormitory`;
/*!40101 SET @saved_cs_client     = @@character_set_client */;
/*!40101 SET character_set_client = utf8 */;
CREATE TABLE `t_dormitory` (
  `id` bigint(20) NOT NULL AUTO_INCREMENT COMMENT '主键',
  `dormitory_num` int(11) DEFAULT NULL COMMENT '寝室号',
  `room_num` int(11) DEFAULT NULL COMMENT '门牌号',
  `bed_num` int(11) DEFAULT NULL COMMENT '床位号',
  `user_id` bigint(20) DEFAULT NULL COMMENT '用户id',
  `deleted` bit(1) NOT NULL DEFAULT b'0' COMMENT '是否删除',
  `create_time` datetime DEFAULT NULL COMMENT '创建时间',
  `update_time` datetime DEFAULT NULL COMMENT '更新时间',
  PRIMARY KEY (`id`)
) ENGINE=InnoDB AUTO_INCREMENT=91 DEFAULT CHARSET=utf8mb4 COMMENT='宿舍表';
/*!40101 SET character_set_client = @saved_cs_client */;

--
-- Dumping data for table `t_dormitory`
--

LOCK TABLES `t_dormitory` WRITE;
/*!40000 ALTER TABLE `t_dormitory` DISABLE KEYS */;
INSERT INTO `t_dormitory` VALUES (1,20,524,1,1,'\0','2022-12-08 09:37:40','2022-12-09 15:53:28'),(2,20,524,2,3,'\0','2022-12-08 09:38:02','2022-12-08 09:38:05'),(3,20,524,3,5,'\0','2022-12-08 09:38:19','2022-12-08 09:38:21'),(4,20,524,4,7,'\0','2022-12-08 09:38:34','2022-12-08 09:39:02'),(5,20,526,1,9,'\0','2022-12-08 09:38:56','2022-12-08 09:39:00'),(6,20,526,2,11,'\0','2022-12-08 09:40:54','2022-12-08 09:40:59'),(7,20,526,3,13,'\0','2022-12-08 09:40:55','2022-12-08 09:41:00'),(8,20,526,4,15,'\0','2022-12-08 09:40:56','2022-12-08 09:41:01'),(9,20,528,1,17,'\0','2022-12-08 09:40:57','2022-12-08 09:41:02'),(10,20,528,2,19,'\0','2022-12-08 09:40:57','2022-12-08 09:41:03'),(11,20,528,3,21,'\0','2022-12-08 09:40:58','2022-12-08 09:41:03'),(12,20,528,4,23,'\0','2022-12-08 09:40:58','2022-12-08 09:41:04'),(13,20,530,1,25,'\0','2022-12-08 09:43:17','2022-12-08 09:43:19'),(14,20,530,2,27,'\0','2022-12-08 09:43:20','2022-12-08 09:43:20'),(15,20,530,3,29,'\0','2022-12-08 09:43:21','2022-12-08 09:43:22'),(16,20,530,4,31,'\0','2022-12-08 09:43:22','2022-12-08 09:43:23'),(17,20,532,1,33,'\0','2022-12-08 09:43:24','2022-12-08 09:43:28'),(18,20,532,2,35,'\0','2022-12-08 09:43:24','2022-12-08 09:43:29'),(19,20,532,3,37,'\0','2022-12-08 09:43:26','2022-12-08 09:43:29'),(20,20,532,4,39,'\0','2022-12-08 09:43:27','2022-12-04 09:43:30'),(21,20,534,1,41,'\0','2022-12-08 10:00:50','2022-12-08 10:00:51'),(22,20,534,2,43,'\0','2022-12-08 10:00:49','2022-12-08 10:00:49'),(23,20,534,3,45,'\0','2022-12-08 10:00:48','2022-12-08 10:00:48'),(24,20,534,4,47,'\0','2022-12-08 10:00:47','2022-12-08 10:00:46'),(25,20,536,1,49,'\0','2022-12-08 10:00:44','2022-12-08 10:00:46'),(26,20,536,2,51,'\0','2022-12-08 10:00:44','2022-12-08 10:00:43'),(27,20,536,3,53,'\0','2022-12-08 10:00:42','2022-12-08 10:00:43'),(28,20,536,4,55,'\0','2022-12-08 10:00:41','2022-12-08 10:00:41'),(29,20,538,1,57,'\0','2022-12-08 10:00:32','2022-12-08 10:00:40'),(30,20,538,2,59,'\0','2022-12-08 10:00:33','2022-12-08 10:00:40'),(31,20,538,3,61,'\0','2022-12-08 10:00:34','2022-12-08 10:00:39'),(32,20,538,4,63,'\0','2022-12-08 10:00:34','2022-12-08 10:00:39'),(33,20,540,1,65,'\0','2022-12-08 10:00:35','2022-12-08 10:00:37'),(34,20,540,2,67,'\0','2022-12-08 10:00:36','2022-12-08 10:00:38'),(35,20,540,3,69,'\0','2022-12-08 10:00:23','2022-12-08 10:00:23'),(36,20,540,4,71,'\0','2022-12-08 10:00:25','2022-12-08 10:00:25'),(37,20,542,1,73,'\0','2022-12-08 10:00:27','2022-12-08 10:00:27'),(38,20,542,2,75,'\0','2022-12-08 10:00:28','2022-12-08 10:00:26'),(39,20,542,3,77,'\0','2022-12-08 10:00:29','2022-12-08 10:00:29'),(40,20,542,4,79,'\0','2022-12-08 10:00:30','2022-12-08 10:00:30'),(41,20,544,1,81,'\0','2022-12-08 10:00:31','2022-12-08 10:00:31'),(42,20,544,2,83,'\0','2022-12-08 09:59:58','2022-12-08 10:00:00'),(43,20,544,3,85,'\0','2022-12-08 10:00:02','2022-12-08 10:00:01'),(44,20,544,4,87,'\0','2022-12-08 10:00:03','2022-12-08 10:00:04'),(45,20,546,1,89,'\0','2022-12-08 10:00:05','2022-12-08 10:00:05'),(46,21,124,1,2,'\0','2022-12-08 10:00:06','2022-12-08 10:00:07'),(47,21,124,2,4,'\0','2022-12-08 10:00:09','2022-12-11 13:29:50'),(48,21,124,3,6,'\0','2022-12-08 10:00:10','2022-12-08 10:00:12'),(49,21,124,4,8,'\0','2022-12-08 10:00:14','2022-12-08 10:00:13'),(50,21,126,1,10,'\0','2022-12-08 10:00:15','2022-12-08 10:00:16'),(51,21,126,2,12,'\0','2022-12-08 10:00:17','2022-12-08 10:00:17'),(52,21,126,3,14,'\0','2022-12-08 10:00:18','2022-12-08 10:00:18'),(53,21,126,4,16,'\0','2022-12-08 10:00:19','2022-12-08 10:00:21'),(54,21,128,1,18,'\0','2022-12-08 09:59:56','2022-12-08 09:59:57'),(55,21,128,2,20,'\0','2022-12-08 09:59:56','2022-12-08 09:59:55'),(56,21,128,3,22,'\0','2022-12-08 09:59:54','2022-12-08 09:59:55'),(57,21,128,4,24,'\0','2022-12-08 09:59:53','2022-12-08 09:59:53'),(58,21,130,1,26,'\0','2022-12-08 09:59:50','2022-12-08 09:59:51'),(59,21,130,2,28,'\0','2022-12-08 09:59:51','2022-12-08 09:59:52'),(60,21,130,3,30,'\0','2022-12-08 09:59:49','2022-12-08 09:59:52'),(61,21,130,4,32,'\0','2022-12-08 09:59:49','2022-12-08 09:59:48'),(62,21,132,1,34,'\0','2022-12-08 09:59:46','2022-12-08 09:59:47'),(63,21,132,2,36,'\0','2022-12-08 09:59:46','2022-12-08 09:59:45'),(64,21,132,3,38,'\0','2022-12-08 09:59:44','2022-12-08 09:59:45'),(65,21,132,4,40,'\0','2022-12-08 09:59:43','2022-12-08 09:59:33'),(66,21,134,1,42,'\0','2022-12-08 09:59:31','2022-12-08 09:59:31'),(67,21,134,2,44,'\0','2022-12-08 09:59:30','2022-12-08 09:59:32'),(68,21,134,3,46,'\0','2022-12-08 09:59:29','2022-12-08 09:59:29'),(69,21,134,4,48,'\0','2022-12-08 09:59:27','2022-12-08 09:59:28'),(70,21,136,1,50,'\0','2022-12-08 09:59:25','2022-12-08 09:59:26'),(71,21,136,2,52,'\0','2022-12-08 09:59:25','2022-12-08 09:59:24'),(72,21,136,3,54,'\0','2022-12-08 09:59:23','2022-12-08 09:59:23'),(73,21,136,4,56,'\0','2022-12-08 09:59:19','2022-12-08 09:59:21'),(74,21,138,1,58,'\0','2022-12-08 09:59:22','2022-12-08 09:59:17'),(75,21,138,2,60,'\0','2022-12-08 09:59:15','2022-12-08 09:59:16'),(76,21,138,3,62,'\0','2022-12-08 09:59:14','2022-12-08 09:59:15'),(77,21,138,4,64,'\0','2022-12-08 09:59:12','2022-12-08 09:59:14'),(78,21,140,1,66,'\0','2022-12-08 09:59:13','2022-12-08 09:59:13'),(79,21,140,2,68,'\0','2022-12-08 09:59:10','2022-12-08 09:59:11'),(80,21,140,3,70,'\0','2022-12-08 09:59:10','2022-12-08 09:59:09'),(81,21,140,4,72,'\0','2022-12-08 09:59:08','2022-12-08 09:59:07'),(82,21,142,1,74,'\0','2022-12-08 09:59:07','2022-12-08 09:59:06'),(83,21,142,2,76,'\0','2022-12-08 09:59:06','2022-12-08 09:59:05'),(84,21,142,3,78,'\0','2022-12-08 09:59:04','2022-12-08 09:59:03'),(85,21,142,4,80,'\0','2022-12-08 09:59:02','2022-12-08 09:59:03'),(86,21,144,1,82,'\0','2022-12-08 09:59:01','2022-12-08 09:59:02'),(87,21,144,2,84,'\0','2022-12-08 09:58:59','2022-12-08 09:59:01'),(88,21,144,3,86,'\0','2022-12-08 09:58:59','2022-12-08 09:58:58'),(89,21,144,4,88,'\0','2022-12-08 09:58:57','2022-12-08 09:58:56'),(90,21,146,1,90,'\0','2022-12-08 09:58:53','2022-12-08 09:58:57');
/*!40000 ALTER TABLE `t_dormitory` ENABLE KEYS */;
UNLOCK TABLES;

--
-- Table structure for table `t_message`
--

DROP TABLE IF EXISTS `t_message`;
/*!40101 SET @saved_cs_client     = @@character_set_client */;
/*!40101 SET character_set_client = utf8 */;
CREATE TABLE `t_message` (
  `id` bigint(20) NOT NULL AUTO_INCREMENT COMMENT '主键',
  `title` varchar(255) DEFAULT NULL COMMENT '标题',
  `content` varchar(255) DEFAULT NULL COMMENT '内容',
  `send_name` varchar(255) DEFAULT NULL COMMENT '申请人',
  `receive_name` varchar(255) DEFAULT NULL COMMENT '接收人 教务处 学工处 后勤处',
  `state` bit(1) DEFAULT b'0' COMMENT '状态 0 未处理 1 已处理',
  `deleted` bit(1) NOT NULL DEFAULT b'0' COMMENT '是否删除',
  `create_time` datetime DEFAULT NULL COMMENT '发起时间',
  `update_time` datetime DEFAULT NULL COMMENT '更新时间',
  PRIMARY KEY (`id`)
) ENGINE=InnoDB AUTO_INCREMENT=45 DEFAULT CHARSET=utf8mb4 COMMENT='消息表';
/*!40101 SET character_set_client = @saved_cs_client */;

--
-- Dumping data for table `t_message`
--

LOCK TABLES `t_message` WRITE;
/*!40000 ALTER TABLE `t_message` DISABLE KEYS */;
INSERT INTO `t_message` VALUES (1,'考勤修改提醒','您的考勤信息已被修改，请注意查看，如有疑问，请联系教务办','教务办','xxx1','','\0','2022-12-10 16:01:00','2022-12-11 00:15:58'),(2,'考勤修改提醒','您的考勤信息已被修改，请注意查看，如有疑问，请联系教务办','教务办','xxx1','','\0','2022-12-10 16:01:48','2022-12-11 00:15:58'),(3,'考勤修改提醒','您的考勤信息已被修改，请注意查看，如有疑问，请联系教务办','教务办','xxx1','','\0','2022-12-10 16:01:54','2022-12-11 00:15:58'),(4,'考勤修改提醒','您的考勤信息已被修改，请注意查看，如有疑问，请联系教务办','教务办','xxx1','','\0','2022-12-10 16:02:02','2022-12-11 00:15:59'),(5,'考勤修改提醒','您的考勤信息已被修改，请注意查看，如有疑问，请联系教务办','教务办','xxx1','','\0','2022-12-10 16:05:32','2022-12-11 00:15:59'),(6,'考勤修改提醒','您的考勤信息已被修改，请注意查看，如有疑问，请联系教务办','教务办','xxx1','','\0','2022-12-10 16:06:28','2022-12-11 00:15:59'),(7,'考勤修改提醒','您的考勤信息已被修改，请注意查看，如有疑问，请联系教务办','教务办','xxx1','','\0','2022-12-10 16:07:06','2022-12-11 00:15:59'),(8,'考勤修改提醒','您的考勤信息已被修改，请注意查看，如有疑问，请联系教务办','教务办','xxx1','','\0','2022-12-10 16:07:34','2022-12-11 00:15:59'),(9,'考勤修改提醒','您的考勤信息已被修改，请注意查看，如有疑问，请联系教务办','教务办','xxx1','','\0','2022-12-10 16:08:06','2022-12-11 00:16:00'),(10,'考勤修改提醒','您的考勤信息已被修改，请注意查看，如有疑问，请联系教务办','教务办','xxx1','','\0','2022-12-10 16:08:10','2022-12-11 00:16:00'),(11,'考勤修改提醒','您的考勤信息已被修改，请注意查看，如有疑问，请联系教务办','教务办','xxx1','','\0','2022-12-10 16:11:55','2022-12-11 00:16:00'),(12,'考勤修改提醒','您的考勤信息已被修改，请注意查看，如有疑问，请联系教务办','教务办','xxx1','','\0','2022-12-10 16:13:29','2022-12-11 00:16:00'),(13,'考勤修改提醒','您的考勤信息已被修改，请注意查看，如有疑问，请联系教务办','教务办','xxx1','','\0','2022-12-10 16:21:11','2022-12-10 20:04:02'),(14,'考勤修改提醒','您的考勤信息已被修改，请注意查看，如有疑问，请联系教务办','教务办','2222','','\0','2022-12-10 20:15:06','2022-12-10 20:28:56'),(15,'考勤修改提醒','您的考勤信息已被修改，请注意查看，如有疑问，请联系教务办','教务办','2222','','\0','2022-12-10 20:29:26','2022-12-10 20:32:17'),(16,'考勤修改提醒','您的考勤信息已被修改，请注意查看，如有疑问，请联系教务办','教务办','2222','','\0','2022-12-10 20:32:30','2022-12-10 20:32:42'),(17,'考勤修改提醒','您的考勤信息已被修改，请注意查看，如有疑问，请联系教务办','教务办','2222','','\0','2022-12-10 20:33:50','2022-12-10 20:33:53'),(18,'考勤修改提醒','您的考勤信息已被修改，请注意查看，如有疑问，请联系教务办','教务办','2222','','\0','2022-12-10 20:38:42','2022-12-10 20:39:55'),(19,'考勤修改提醒','您的考勤信息已被修改，请注意查看，如有疑问，请联系教务办','教务办','2222','','\0','2022-12-10 20:40:12','2022-12-10 20:40:43'),(20,'考勤修改提醒','您的考勤信息已被修改，请注意查看，如有疑问，请联系教务办','教务办','2222','','\0','2022-12-10 20:40:15','2022-12-10 20:40:43'),(21,'考勤修改提醒','您的考勤信息已被修改，请注意查看，如有疑问，请联系教务办','教务办','2222','','\0','2022-12-10 20:40:25','2022-12-10 20:40:44'),(22,'考勤修改提醒','您的考勤信息已被修改，请注意查看，如有疑问，请联系教务办','教务办','2222','','\0','2022-12-10 20:40:50','2022-12-10 20:40:53'),(23,'考勤修改提醒','您的考勤信息已被修改，请注意查看，如有疑问，请联系教务办','教务办','2222','','\0','2022-12-10 21:09:58','2022-12-10 21:10:09'),(24,'考勤修改提醒','您的考勤信息已被修改，请注意查看，如有疑问，请联系教务办','教务办','2222','','\0','2022-12-10 23:29:14','2022-12-10 23:29:25'),(25,'关于C的考勤申诉','在此填入申诉依凭与概述...','2222','教务办','','\0','2022-12-11 00:02:45','2022-12-11 00:11:00'),(26,'关于MATH的考勤申诉','在此填入申诉依凭与概述...','2222','教务办','','\0','2022-12-11 00:06:38','2022-12-11 00:11:00'),(27,'关于MATH的考勤申诉','在此填入申诉依凭与概述...','xxx1','教务办','','\0','2022-12-11 00:15:42','2022-12-11 00:18:22'),(28,'考勤修改提醒','您的考勤信息已被修改，请注意查看，如有疑问，请联系教务办','教务办','xxx1','','\0','2022-12-11 00:19:56','2022-12-11 00:20:05'),(29,'考勤修改提醒','您的考勤信息已被修改，请注意查看，如有疑问，请联系教务办','教务办','xxx1','','\0','2022-12-11 00:19:58','2022-12-11 00:20:07'),(30,'关于JAVA的考勤申诉','我其实缺课了','xxx1','教务办','','\0','2022-12-11 00:20:31','2022-12-11 00:21:15'),(31,'考勤修改提醒','您的考勤信息已被修改，请注意查看，如有疑问，请联系教务办','教务办','xxx1','','\0','2022-12-11 00:27:13','2022-12-11 00:27:23'),(32,'关于JAVA的考勤申诉','在此填入申诉依凭与概述...','xxx1','教务办','','\0','2022-12-11 00:27:40','2022-12-11 00:27:46'),(33,'考勤修改提醒','您的考勤信息已被修改，请注意查看，如有疑问，请联系教务办','教务办','xxx1','','\0','2022-12-11 00:27:53','2022-12-11 00:27:58'),(34,'成绩修改提醒','您的成绩信息已被修改，请注意查看，如有疑问，请联系教务办','教务办','xxx1','','\0','2022-12-11 00:28:32','2022-12-11 00:38:06'),(35,'成绩修改提醒','您的成绩信息已被修改，请注意查看，如有疑问，请联系教务办','教务办','xxx1','','\0','2022-12-11 00:28:47','2022-12-11 00:38:07'),(36,'关于PYTHON的考勤申诉','在此填入申诉依凭与概述...','xxx1','教务办','','\0','2022-12-11 12:53:05','2022-12-11 12:55:10'),(37,'数学考勤修改','正常','xxx1','教务办','','\0','2022-12-11 12:53:37','2022-12-11 12:55:09'),(38,'关于MATH的考勤申诉','在此填入申诉依凭与概述...','xxx1','教务办','','\0','2022-12-11 12:53:53','2022-12-11 12:55:08'),(39,'考勤修改提醒','您的考勤信息已被修改，请注意查看，如有疑问，请联系教务办','教务办','xxx1','','\0','2022-12-11 12:56:40','2022-12-11 12:57:12'),(40,'关于MATH的考勤申诉','在此填入申诉依凭与概述...','xxx1','教务办','','\0','2022-12-11 15:22:37','2022-12-11 23:47:59'),(41,'考勤修改提醒','您的考勤信息已被修改，请注意查看，如有疑问，请联系教务办','教务办','xxx1','','\0','2022-12-11 22:37:46','2022-12-11 23:47:55'),(42,'考勤修改提醒','您的考勤信息已被修改，请注意查看，如有疑问，请联系教务办','教务办','xxx1','','\0','2022-12-11 22:37:50','2022-12-11 23:47:56'),(43,'关于MATH的考勤申诉','在此填入申诉依凭与概述...','xxx1','教务办','','\0','2022-12-12 09:19:39','2022-12-12 09:20:41'),(44,'成绩修改提醒','您的成绩信息已被修改，请注意查看，如有疑问，请联系教务办','教务办','xxx1','','\0','2022-12-12 09:20:26','2022-12-12 09:20:54');
/*!40000 ALTER TABLE `t_message` ENABLE KEYS */;
UNLOCK TABLES;

--
-- Table structure for table `t_permission`
--

DROP TABLE IF EXISTS `t_permission`;
/*!40101 SET @saved_cs_client     = @@character_set_client */;
/*!40101 SET character_set_client = utf8 */;
CREATE TABLE `t_permission` (
  `id` bigint(20) NOT NULL AUTO_INCREMENT COMMENT '主键id',
  `permission_name` varchar(255) NOT NULL COMMENT '权限名称',
  `description` varchar(255) DEFAULT NULL COMMENT '权限表述',
  `deleted` bit(1) NOT NULL DEFAULT b'0' COMMENT '是否删除',
  `create_time` datetime DEFAULT NULL COMMENT '创建时间',
  `update_time` datetime DEFAULT NULL COMMENT '更新时间',
  PRIMARY KEY (`id`)
) ENGINE=InnoDB AUTO_INCREMENT=12 DEFAULT CHARSET=utf8mb4 COMMENT='权限表';
/*!40101 SET character_set_client = @saved_cs_client */;

--
-- Dumping data for table `t_permission`
--

LOCK TABLES `t_permission` WRITE;
/*!40000 ALTER TABLE `t_permission` DISABLE KEYS */;
INSERT INTO `t_permission` VALUES (1,'select-score','查看成绩','\0','2022-12-04 13:15:26','2022-12-04 13:15:28'),(2,'admin-score','管理成绩','\0','2022-12-04 13:24:27','2022-12-04 13:24:31'),(3,'admin-math-score','管理数学成绩','\0','2022-12-04 13:39:10','2022-12-04 13:39:14'),(4,'admin-english-score','管理英语成绩','\0','2022-12-04 13:39:57','2022-12-04 13:40:00'),(5,'admin-python-score','管理python成绩','\0','2022-12-04 13:40:09','2022-12-04 13:40:04'),(6,'admin-java-score','管理java成绩','\0','2022-12-04 13:40:46','2022-12-04 13:40:49'),(7,'admin-score','管理c成绩','\0','2022-12-04 13:41:08','2022-12-04 13:41:12'),(8,'admin-stu-info','管理学生用户信息','\0','2022-12-06 10:53:02','2022-12-06 10:53:03'),(9,'admin-stus-info','管理所有学生用户信息','\0','2022-12-06 10:54:53','2022-12-06 10:54:56'),(10,'select-dormitory','查看学生用户寝室信息','\0','2022-12-08 13:00:35','2022-12-08 13:00:37'),(11,'select-roommate-dormitory','查看学生用户舍友信息','\0','2022-12-08 13:00:36','2022-12-08 13:00:37');
/*!40000 ALTER TABLE `t_permission` ENABLE KEYS */;
UNLOCK TABLES;

--
-- Table structure for table `t_role`
--

DROP TABLE IF EXISTS `t_role`;
/*!40101 SET @saved_cs_client     = @@character_set_client */;
/*!40101 SET character_set_client = utf8 */;
CREATE TABLE `t_role` (
  `id` bigint(20) NOT NULL AUTO_INCREMENT COMMENT '主键id',
  `role_name` varchar(255) NOT NULL COMMENT '角色名称',
  `description` varchar(255) DEFAULT NULL COMMENT '角色描述',
  `deleted` bit(1) NOT NULL DEFAULT b'0' COMMENT '是否删除',
  `create_time` datetime DEFAULT NULL COMMENT '创建时间',
  `update_time` datetime DEFAULT NULL COMMENT '更新时间',
  PRIMARY KEY (`id`)
) ENGINE=InnoDB AUTO_INCREMENT=18 DEFAULT CHARSET=utf8mb4 COMMENT='角色表';
/*!40101 SET character_set_client = @saved_cs_client */;

--
-- Dumping data for table `t_role`
--

LOCK TABLES `t_role` WRITE;
/*!40000 ALTER TABLE `t_role` DISABLE KEYS */;
INSERT INTO `t_role` VALUES (1,'student','普通学生','\0','2022-12-02 09:51:42','2022-12-02 09:51:45'),(2,'math-teacher','高数老师','\0','2022-12-04 08:51:51','2022-12-04 08:51:58'),(3,'english-teacher','英语老师','\0','2022-12-04 08:52:36','2022-12-04 08:52:32'),(4,'python-teacher','python老师','\0','2022-12-04 08:53:14','2022-12-04 08:53:19'),(5,'java-teacher','java老师','\0','2022-12-04 08:53:30','2022-12-04 08:53:26'),(6,'c-teacher','c老师','\0','2022-12-04 08:55:37','2022-12-04 08:55:41'),(7,'head-teacher','教务办主任','\0','2022-12-04 08:59:06','2022-12-04 08:59:10'),(8,'counselor','辅导员','\0','2022-12-04 09:00:51','2022-12-04 09:01:10'),(9,'head-counselor','学工办主任','\0','2022-12-04 10:02:08','2022-12-04 10:02:12'),(10,'auntie','宿管阿姨','\0','2022-12-04 10:04:25','2022-12-04 10:04:21'),(11,'head-auntie','后勤办主任 ','\0','2022-12-04 10:04:54','2022-12-04 10:04:57'),(17,'system','系统管理员','\0','2022-12-04 13:35:53','2022-12-04 13:35:55');
/*!40000 ALTER TABLE `t_role` ENABLE KEYS */;
UNLOCK TABLES;

--
-- Table structure for table `t_role_permission`
--

DROP TABLE IF EXISTS `t_role_permission`;
/*!40101 SET @saved_cs_client     = @@character_set_client */;
/*!40101 SET character_set_client = utf8 */;
CREATE TABLE `t_role_permission` (
  `id` bigint(20) NOT NULL AUTO_INCREMENT COMMENT '主键id',
  `role_id` bigint(20) NOT NULL COMMENT '角色id',
  `permission_id` bigint(20) NOT NULL COMMENT '权限id',
  `deleted` bit(1) NOT NULL DEFAULT b'0' COMMENT '是否删除',
  `create_time` datetime DEFAULT NULL COMMENT '创建时间',
  `update_time` datetime DEFAULT NULL COMMENT '更新时间',
  PRIMARY KEY (`id`)
) ENGINE=InnoDB AUTO_INCREMENT=12 DEFAULT CHARSET=utf8mb4 COMMENT='角色权限表';
/*!40101 SET character_set_client = @saved_cs_client */;

--
-- Dumping data for table `t_role_permission`
--

LOCK TABLES `t_role_permission` WRITE;
/*!40000 ALTER TABLE `t_role_permission` DISABLE KEYS */;
INSERT INTO `t_role_permission` VALUES (1,1,1,'\0','2022-12-04 13:46:10','2022-12-04 13:46:12'),(2,2,3,'\0','2022-12-04 15:57:50','2022-12-04 15:57:52'),(3,3,4,'\0','2022-12-04 15:58:03','2022-12-04 15:58:06'),(4,4,5,'\0','2022-12-04 15:58:13','2022-12-04 15:58:16'),(5,5,6,'\0','2022-12-04 15:58:24','2022-12-04 15:58:27'),(6,6,7,'\0','2022-12-04 15:58:39','2022-12-04 15:58:42'),(7,7,2,'\0','2022-12-04 15:59:00','2022-12-04 15:59:06'),(8,1,8,'\0','2022-12-06 10:56:37','2022-12-06 10:56:39'),(9,7,9,'\0','2022-12-06 10:57:58','2022-12-06 10:58:00'),(10,1,10,'\0','2022-12-08 13:01:33','2022-12-08 13:01:35'),(11,1,11,'\0','2022-12-08 13:01:34','2022-12-08 13:01:35');
/*!40000 ALTER TABLE `t_role_permission` ENABLE KEYS */;
UNLOCK TABLES;

--
-- Table structure for table `t_score`
--

DROP TABLE IF EXISTS `t_score`;
/*!40101 SET @saved_cs_client     = @@character_set_client */;
/*!40101 SET character_set_client = utf8 */;
CREATE TABLE `t_score` (
  `id` bigint(20) NOT NULL AUTO_INCREMENT COMMENT '主键id',
  `math_score` varchar(255) DEFAULT NULL COMMENT '数学成绩',
  `english_score` varchar(255) DEFAULT NULL COMMENT '英语成绩',
  `java_score` varchar(255) DEFAULT NULL COMMENT 'java成绩',
  `python_score` varchar(255) DEFAULT NULL COMMENT 'python成绩',
  `cpp_score` varchar(255) DEFAULT NULL COMMENT 'c成绩',
  `user_id` bigint(20) DEFAULT NULL COMMENT '用户id',
  `deleted` bit(1) NOT NULL DEFAULT b'0' COMMENT '是否删除',
  `create_time` datetime DEFAULT NULL COMMENT '创建时间',
  `update_time` datetime DEFAULT NULL COMMENT '更新时间',
  PRIMARY KEY (`id`)
) ENGINE=InnoDB AUTO_INCREMENT=91 DEFAULT CHARSET=utf8mb4 COMMENT='成绩表';
/*!40101 SET character_set_client = @saved_cs_client */;

--
-- Dumping data for table `t_score`
--

LOCK TABLES `t_score` WRITE;
/*!40000 ALTER TABLE `t_score` DISABLE KEYS */;
INSERT INTO `t_score` VALUES (1,'100','65','90','52','60',1,'\0','2022-12-06 23:24:20','2022-12-12 09:20:26'),(2,'38.00','35.00','97.00','14.00','0',2,'\0','2022-12-06 23:24:20','2022-12-08 16:22:49'),(3,'11','56','56','76','14',3,'\0','2022-12-06 23:24:20','2022-12-08 16:35:53'),(4,'54.00','63.00','84.00','66.00','0',4,'\0','2022-12-06 23:24:20','2022-12-08 16:23:05'),(5,'67.00','30.00','32.00','0','0',5,'\0','2022-12-06 23:24:20','2022-12-08 16:23:30'),(6,'83.00','27.00','97.00','67.00','97.00',6,'\0','2022-12-06 23:24:20','2022-12-06 23:24:20'),(7,'19.00','18.00','100.00','98.00','95.00',7,'\0','2022-12-06 23:24:20','2022-12-06 23:24:20'),(8,'43.00','11.00','36.00','13.00','87.00',8,'\0','2022-12-06 23:24:20','2022-12-06 23:24:20'),(9,'8.00','21.00','49.00','20.00','88.00',9,'\0','2022-12-06 23:24:20','2022-12-06 23:24:20'),(10,'21','58','85','88','82',10,'\0','2022-12-06 23:24:20','2022-12-08 19:43:21'),(11,'79.00','63.00','80.00','64.00','65.00',11,'\0','2022-12-06 23:24:20','2022-12-06 23:24:20'),(12,'96.00','44.00','4.00','3.00','54.00',12,'\0','2022-12-06 23:24:20','2022-12-06 23:24:20'),(13,'10.00','5.00','24.00','82.00','34.00',13,'\0','2022-12-06 23:24:20','2022-12-06 23:24:20'),(14,'53.00','35.00','62.00','71.00','83.00',14,'\0','2022-12-06 23:24:20','2022-12-06 23:24:20'),(15,'18.00','70.00','28.00','68.00','9.00',15,'\0','2022-12-06 23:24:20','2022-12-06 23:24:20'),(16,'92.00','9.00','53.00','69.00','43.00',16,'\0','2022-12-06 23:24:20','2022-12-06 23:24:20'),(17,'64.00','8.00','91.00','84.00','11.00',17,'\0','2022-12-06 23:24:20','2022-12-06 23:24:20'),(18,'4.00','44.00','48.00','36.00','51.00',18,'\0','2022-12-06 23:24:20','2022-12-06 23:24:20'),(19,'79.00','24.00','51.00','82.00','95.00',19,'\0','2022-12-06 23:24:20','2022-12-06 23:24:20'),(20,'35.00','81.00','57.00','28.00','13.00',20,'\0','2022-12-06 23:24:20','2022-12-06 23:24:20'),(21,'31.00','23.00','62.00','3.00','45.00',21,'\0','2022-12-06 23:24:20','2022-12-06 23:24:20'),(22,'33.00','97.00','87.00','93.00','42.00',22,'\0','2022-12-06 23:24:20','2022-12-06 23:24:20'),(23,'63.00','18.00','100.00','73.00','55.00',23,'\0','2022-12-06 23:24:20','2022-12-06 23:24:20'),(24,'2.00','31.00','97.00','31.00','100.00',24,'\0','2022-12-06 23:24:20','2022-12-06 23:24:20'),(25,'33.00','22.00','50.00','61.00','5.00',25,'\0','2022-12-06 23:24:20','2022-12-06 23:24:20'),(26,'21.00','90.00','39.00','20.00','79.00',26,'\0','2022-12-06 23:24:20','2022-12-06 23:24:20'),(27,'57.00','98.00','51.00','90.00','79.00',27,'\0','2022-12-06 23:24:20','2022-12-06 23:24:20'),(28,'14.00','40.00','25.00','38.00','12.00',28,'\0','2022-12-06 23:24:20','2022-12-06 23:24:20'),(29,'7.00','25.00','79.00','52.00','96.00',29,'\0','2022-12-06 23:24:20','2022-12-06 23:24:20'),(30,'75.00','96.00','22.00','79.00','13.00',30,'\0','2022-12-06 23:24:20','2022-12-06 23:24:20'),(31,'78.00','78.00','5.00','39.00','90.00',31,'\0','2022-12-06 23:24:20','2022-12-06 23:24:20'),(32,'88.00','10.00','11.00','87.00','45.00',32,'\0','2022-12-06 23:24:20','2022-12-06 23:24:20'),(33,'82.00','20.00','70.00','1.00','9.00',33,'\0','2022-12-06 23:24:20','2022-12-06 23:24:20'),(34,'73.00','98.00','3.00','86.00','5.00',34,'\0','2022-12-06 23:24:20','2022-12-06 23:24:20'),(35,'16.00','32.00','58.00','98.00','69.00',35,'\0','2022-12-06 23:24:20','2022-12-06 23:24:20'),(36,'62.00','67.00','49.00','10.00','31.00',36,'\0','2022-12-06 23:24:20','2022-12-06 23:24:20'),(37,'52.00','35.00','32.00','27.00','18.00',37,'\0','2022-12-06 23:24:20','2022-12-06 23:24:20'),(38,'31.00','53.00','74.00','32.00','45.00',38,'\0','2022-12-06 23:24:20','2022-12-06 23:24:20'),(39,'51.00','52.00','41.00','69.00','95.00',39,'\0','2022-12-06 23:24:20','2022-12-06 23:24:20'),(40,'28.00','7.00','26.00','56.00','3.00',40,'\0','2022-12-06 23:24:20','2022-12-06 23:24:20'),(41,'40.00','38.00','76.00','35.00','88.00',41,'\0','2022-12-06 23:24:20','2022-12-06 23:24:20'),(42,'82.00','78.00','88.00','58.00','74.00',42,'\0','2022-12-06 23:24:20','2022-12-06 23:24:20'),(43,'69.00','12.00','75.00','36.00','71.00',43,'\0','2022-12-06 23:24:20','2022-12-06 23:24:20'),(44,'14.00','5.00','86.00','25.00','45.00',44,'\0','2022-12-06 23:24:20','2022-12-06 23:24:20'),(45,'87.00','12.00','82.00','94.00','93.00',45,'\0','2022-12-06 23:24:20','2022-12-06 23:24:20'),(46,'74.00','13.00','64.00','85.00','68.00',46,'\0','2022-12-06 23:24:20','2022-12-06 23:24:20'),(47,'8.00','45.00','77.00','42.00','79.00',47,'\0','2022-12-06 23:24:20','2022-12-06 23:24:20'),(48,'6.00','27.00','85.00','99.00','83.00',48,'\0','2022-12-06 23:24:20','2022-12-06 23:24:20'),(49,'94.00','70.00','37.00','89.00','53.00',49,'\0','2022-12-06 23:24:20','2022-12-06 23:24:20'),(50,'26.00','94.00','26.00','23.00','67.00',50,'\0','2022-12-06 23:24:20','2022-12-06 23:24:20'),(51,'12.00','25.00','11.00','51.00','37.00',51,'\0','2022-12-06 23:24:20','2022-12-06 23:24:20'),(52,'23.00','55.00','78.00','22.00','83.00',52,'\0','2022-12-06 23:24:20','2022-12-06 23:24:20'),(53,'84.00','49.00','100.00','17.00','97.00',53,'\0','2022-12-06 23:24:20','2022-12-06 23:24:20'),(54,'69.00','76.00','22.00','52.00','22.00',54,'\0','2022-12-06 23:24:20','2022-12-06 23:24:20'),(55,'72.00','90.00','81.00','54.00','28.00',55,'\0','2022-12-06 23:24:20','2022-12-06 23:24:20'),(56,'55.00','4.00','98.00','29.00','47.00',56,'\0','2022-12-06 23:24:20','2022-12-06 23:24:20'),(57,'70.00','88.00','15.00','45.00','10.00',57,'\0','2022-12-06 23:24:20','2022-12-06 23:24:20'),(58,'81.00','4.00','22.00','51.00','2.00',58,'\0','2022-12-06 23:24:20','2022-12-06 23:24:20'),(59,'39.00','51.00','30.00','19.00','45.00',59,'\0','2022-12-06 23:24:20','2022-12-06 23:24:20'),(60,'20.00','32.00','18.00','92.00','1.00',60,'\0','2022-12-06 23:24:20','2022-12-06 23:24:20'),(61,'49.00','12.00','82.00','11.00','52.00',61,'\0','2022-12-06 23:24:20','2022-12-06 23:24:20'),(62,'94.00','79.00','63.00','60.00','29.00',62,'\0','2022-12-06 23:24:20','2022-12-06 23:24:20'),(63,'56.00','98.00','61.00','86.00','60.00',63,'\0','2022-12-06 23:24:20','2022-12-06 23:24:20'),(64,'84.00','63.00','62.00','9.00','77.00',64,'\0','2022-12-06 23:24:20','2022-12-06 23:24:20'),(65,'35.00','18.00','98.00','49.00','59.00',65,'\0','2022-12-06 23:24:20','2022-12-06 23:24:20'),(66,'35.00','74.00','23.00','20.00','79.00',66,'\0','2022-12-06 23:24:20','2022-12-06 23:24:20'),(67,'24.00','44.00','43.00','12.00','0.00',67,'\0','2022-12-06 23:24:20','2022-12-06 23:24:20'),(68,'14.00','26.00','92.00','89.00','49.00',68,'\0','2022-12-06 23:24:20','2022-12-06 23:24:20'),(69,'11.00','99.00','90.00','10.00','21.00',69,'\0','2022-12-06 23:24:20','2022-12-06 23:24:20'),(70,'83.00','17.00','33.00','80.00','0.00',70,'\0','2022-12-06 23:24:20','2022-12-06 23:24:20'),(71,'41.00','40.00','42.00','33.00','52.00',71,'\0','2022-12-06 23:24:20','2022-12-06 23:24:20'),(72,'67.00','43.00','31.00','22.00','2.00',72,'\0','2022-12-06 23:24:20','2022-12-06 23:24:20'),(73,'74.00','71.00','27.00','99.00','50.00',73,'\0','2022-12-06 23:24:20','2022-12-06 23:24:20'),(74,'63.00','86.00','35.00','25.00','16.00',74,'\0','2022-12-06 23:24:20','2022-12-06 23:24:20'),(75,'88.00','65.00','59.00','21.00','99.00',75,'\0','2022-12-06 23:24:20','2022-12-06 23:24:20'),(76,'41.00','67.00','78.00','11.00','40.00',76,'\0','2022-12-06 23:24:20','2022-12-06 23:24:20'),(77,'57.00','98.00','24.00','23.00','47.00',77,'\0','2022-12-06 23:24:20','2022-12-06 23:24:20'),(78,'77.00','24.00','17.00','62.00','66.00',78,'\0','2022-12-06 23:24:20','2022-12-06 23:24:20'),(79,'38.00','17.00','89.00','5.00','44.00',79,'\0','2022-12-06 23:24:20','2022-12-06 23:24:20'),(80,'30.00','17.00','97.00','40.00','10.00',80,'\0','2022-12-06 23:24:20','2022-12-06 23:24:20'),(81,'2.00','42.00','19.00','16.00','20.00',81,'\0','2022-12-06 23:24:20','2022-12-06 23:24:20'),(82,'32.00','81.00','48.00','53.00','4.00',82,'\0','2022-12-06 23:24:20','2022-12-06 23:24:20'),(83,'80.00','28.00','45.00','72.00','67.00',83,'\0','2022-12-06 23:24:20','2022-12-06 23:24:20'),(84,'63.00','96.00','28.00','62.00','14.00',84,'\0','2022-12-06 23:24:20','2022-12-06 23:24:20'),(85,'21.00','83.00','77.00','6.00','91.00',85,'\0','2022-12-06 23:24:20','2022-12-06 23:24:20'),(86,'52.00','29.00','0.00','50.00','58.00',86,'\0','2022-12-06 23:24:20','2022-12-06 23:24:20'),(87,'41.00','1.00','56.00','51.00','94.00',87,'\0','2022-12-06 23:24:20','2022-12-06 23:24:20'),(88,'51.00','89.00','29.00','2.00','75.00',88,'\0','2022-12-06 23:24:20','2022-12-06 23:24:20'),(89,'82.00','79.00','16.00','72.00','1.00',89,'\0','2022-12-06 23:24:20','2022-12-06 23:24:20'),(90,'95.00','74.00','89.00','23.00','11.00',90,'\0','2022-12-06 23:24:20','2022-12-06 23:24:20');
/*!40000 ALTER TABLE `t_score` ENABLE KEYS */;
UNLOCK TABLES;

--
-- Table structure for table `t_student`
--

DROP TABLE IF EXISTS `t_student`;
/*!40101 SET @saved_cs_client     = @@character_set_client */;
/*!40101 SET character_set_client = utf8 */;
CREATE TABLE `t_student` (
  `id` bigint(20) NOT NULL AUTO_INCREMENT COMMENT '主键id',
  `name` varchar(255) DEFAULT NULL COMMENT '姓名',
  `sex` varchar(255) DEFAULT NULL COMMENT '性别',
  `age` int(11) DEFAULT NULL COMMENT '年龄',
  `specialty` varchar(255) DEFAULT NULL COMMENT '专业',
  `college` varchar(255) DEFAULT NULL COMMENT '学院',
  `class_name` varchar(255) DEFAULT NULL COMMENT '班级',
  `user_id` bigint(20) DEFAULT NULL COMMENT '用户id',
  `deleted` bit(1) NOT NULL DEFAULT b'0' COMMENT '是否删除',
  `create_time` datetime DEFAULT NULL COMMENT '创建时间',
  `update_time` datetime DEFAULT NULL COMMENT '更新时间',
  PRIMARY KEY (`id`)
) ENGINE=InnoDB AUTO_INCREMENT=91 DEFAULT CHARSET=utf8mb4 COMMENT='学生表';
/*!40101 SET character_set_client = @saved_cs_client */;

--
-- Dumping data for table `t_student`
--

LOCK TABLES `t_student` WRITE;
/*!40000 ALTER TABLE `t_student` DISABLE KEYS */;
INSERT INTO `t_student` VALUES (1,'xxx1','男',19,'软件工程','媒体工程学院','软工2班',1,'\0','2022-12-05 16:29:57','2022-12-11 23:48:50'),(2,'xxx2','女',18,'软件工程','媒体工程学院','软工2班',2,'\0','2022-12-05 16:29:57','2022-12-05 16:29:57'),(3,'xxx3','男',19,'软件工程','媒体工程学院','软工1班',3,'\0','2022-12-05 16:29:57','2022-12-05 16:29:57'),(4,'xxx4','女',18,'软件工程','媒体工程学院','软工2班',4,'\0','2022-12-05 16:29:57','2022-12-05 16:29:57'),(5,'xxx5','男',19,'软件工程','媒体工程学院','软工1班',5,'\0','2022-12-05 16:29:57','2022-12-05 16:29:57'),(6,'xxx6','女',18,'软件工程','媒体工程学院','软工2班',6,'\0','2022-12-05 16:29:57','2022-12-05 16:29:57'),(7,'xxx7','男',19,'软件工程','媒体工程学院','软工1班',7,'\0','2022-12-05 16:29:57','2022-12-05 16:29:57'),(8,'xxx8','女',18,'软件工程','媒体工程学院','软工2班',8,'\0','2022-12-05 16:29:57','2022-12-05 16:29:57'),(9,'xxx9','男',19,'软件工程','媒体工程学院','软工1班',9,'\0','2022-12-05 16:29:57','2022-12-05 16:29:57'),(10,'xxx10','女',18,'软件工程','媒体工程学院','软工2班',10,'\0','2022-12-05 16:29:57','2022-12-05 16:29:57'),(11,'xxx11','男',19,'软件工程','媒体工程学院','软工1班',11,'\0','2022-12-05 16:29:57','2022-12-05 16:29:57'),(12,'xxx12','女',18,'软件工程','媒体工程学院','软工2班',12,'\0','2022-12-05 16:29:57','2022-12-05 16:29:57'),(13,'xxx13','男',19,'软件工程','媒体工程学院','软工1班',13,'\0','2022-12-05 16:29:57','2022-12-05 16:29:57'),(14,'xxx14','女',18,'软件工程','媒体工程学院','软工2班',14,'\0','2022-12-05 16:29:57','2022-12-05 16:29:57'),(15,'xxx15','男',19,'软件工程','媒体工程学院','软工1班',15,'\0','2022-12-05 16:29:57','2022-12-05 16:29:57'),(16,'xxx16','女',18,'软件工程','媒体工程学院','软工2班',16,'\0','2022-12-05 16:29:57','2022-12-05 16:29:57'),(17,'xxx17','男',19,'软件工程','媒体工程学院','软工1班',17,'\0','2022-12-05 16:29:57','2022-12-05 16:29:57'),(18,'xxx18','女',18,'软件工程','媒体工程学院','软工2班',18,'\0','2022-12-05 16:29:57','2022-12-05 16:29:57'),(19,'xxx19','男',19,'软件工程','媒体工程学院','软工1班',19,'\0','2022-12-05 16:29:57','2022-12-05 16:29:57'),(20,'xxx20','女',18,'软件工程','媒体工程学院','软工2班',20,'\0','2022-12-05 16:29:57','2022-12-05 16:29:57'),(21,'xxx21','男',19,'软件工程','媒体工程学院','软工1班',21,'\0','2022-12-05 16:29:57','2022-12-05 16:29:57'),(22,'xxx22','女',18,'软件工程','媒体工程学院','软工2班',22,'\0','2022-12-05 16:29:57','2022-12-05 16:29:57'),(23,'xxx23','男',19,'软件工程','媒体工程学院','软工1班',23,'\0','2022-12-05 16:29:57','2022-12-05 16:29:57'),(24,'xxx24','女',18,'软件工程','媒体工程学院','软工2班',24,'\0','2022-12-05 16:29:57','2022-12-05 16:29:57'),(25,'xxx25','男',19,'软件工程','媒体工程学院','软工1班',25,'\0','2022-12-05 16:29:57','2022-12-05 16:29:57'),(26,'xxx26','女',18,'软件工程','媒体工程学院','软工2班',26,'\0','2022-12-05 16:29:57','2022-12-05 16:29:57'),(27,'xxx27','男',19,'软件工程','媒体工程学院','软工1班',27,'\0','2022-12-05 16:29:57','2022-12-05 16:29:57'),(28,'xxx28','女',18,'软件工程','媒体工程学院','软工2班',28,'\0','2022-12-05 16:29:57','2022-12-05 16:29:57'),(29,'xxx29','男',19,'软件工程','媒体工程学院','软工1班',29,'\0','2022-12-05 16:29:57','2022-12-05 16:29:57'),(30,'xxx30','女',18,'软件工程','媒体工程学院','软工2班',30,'\0','2022-12-05 16:29:57','2022-12-05 16:29:57'),(31,'xxx31','男',19,'软件工程','媒体工程学院','软工1班',31,'\0','2022-12-05 16:29:57','2022-12-05 16:29:57'),(32,'xxx32','女',18,'软件工程','媒体工程学院','软工2班',32,'\0','2022-12-05 16:29:57','2022-12-05 16:29:57'),(33,'xxx33','男',19,'软件工程','媒体工程学院','软工1班',33,'\0','2022-12-05 16:29:57','2022-12-05 16:29:57'),(34,'xxx34','女',18,'软件工程','媒体工程学院','软工2班',34,'\0','2022-12-05 16:29:57','2022-12-05 16:29:57'),(35,'xxx35','男',19,'软件工程','媒体工程学院','软工1班',35,'\0','2022-12-05 16:29:57','2022-12-05 16:29:57'),(36,'xxx36','女',18,'软件工程','媒体工程学院','软工2班',36,'\0','2022-12-05 16:29:57','2022-12-05 16:29:57'),(37,'xxx37','男',19,'软件工程','媒体工程学院','软工1班',37,'\0','2022-12-05 16:29:57','2022-12-05 16:29:57'),(38,'xxx38','女',18,'软件工程','媒体工程学院','软工2班',38,'\0','2022-12-05 16:29:57','2022-12-05 16:29:57'),(39,'xxx39','男',19,'软件工程','媒体工程学院','软工1班',39,'\0','2022-12-05 16:29:57','2022-12-05 16:29:57'),(40,'xxx40','女',18,'软件工程','媒体工程学院','软工2班',40,'\0','2022-12-05 16:29:57','2022-12-05 16:29:57'),(41,'xxx41','男',19,'软件工程','媒体工程学院','软工1班',41,'\0','2022-12-05 16:29:57','2022-12-05 16:29:57'),(42,'xxx42','女',18,'软件工程','媒体工程学院','软工2班',42,'\0','2022-12-05 16:29:57','2022-12-05 16:29:57'),(43,'xxx43','男',19,'软件工程','媒体工程学院','软工1班',43,'\0','2022-12-05 16:29:57','2022-12-05 16:29:57'),(44,'xxx44','女',18,'软件工程','媒体工程学院','软工2班',44,'\0','2022-12-05 16:29:57','2022-12-05 16:29:57'),(45,'xxx45','男',19,'软件工程','媒体工程学院','软工1班',45,'\0','2022-12-05 16:29:57','2022-12-05 16:29:57'),(46,'xxx46','女',18,'软件工程','媒体工程学院','软工2班',46,'\0','2022-12-05 16:29:57','2022-12-05 16:29:57'),(47,'xxx47','男',19,'软件工程','媒体工程学院','软工1班',47,'\0','2022-12-05 16:29:57','2022-12-05 16:29:57'),(48,'xxx48','女',18,'软件工程','媒体工程学院','软工2班',48,'\0','2022-12-05 16:29:57','2022-12-05 16:29:57'),(49,'xxx49','男',19,'软件工程','媒体工程学院','软工1班',49,'\0','2022-12-05 16:29:57','2022-12-05 16:29:57'),(50,'xxx50','女',18,'软件工程','媒体工程学院','软工2班',50,'\0','2022-12-05 16:29:57','2022-12-05 16:29:57'),(51,'xxx51','男',19,'软件工程','媒体工程学院','软工1班',51,'\0','2022-12-05 16:29:57','2022-12-05 16:29:57'),(52,'xxx52','女',18,'软件工程','媒体工程学院','软工2班',52,'\0','2022-12-05 16:29:57','2022-12-05 16:29:57'),(53,'xxx53','男',19,'软件工程','媒体工程学院','软工1班',53,'\0','2022-12-05 16:29:57','2022-12-05 16:29:57'),(54,'xxx54','女',18,'软件工程','媒体工程学院','软工2班',54,'\0','2022-12-05 16:29:57','2022-12-05 16:29:57'),(55,'xxx55','男',19,'软件工程','媒体工程学院','软工1班',55,'\0','2022-12-05 16:29:57','2022-12-05 16:29:57'),(56,'xxx56','女',18,'软件工程','媒体工程学院','软工2班',56,'\0','2022-12-05 16:29:57','2022-12-05 16:29:57'),(57,'xxx57','男',19,'软件工程','媒体工程学院','软工1班',57,'\0','2022-12-05 16:29:57','2022-12-05 16:29:57'),(58,'xxx58','女',18,'软件工程','媒体工程学院','软工2班',58,'\0','2022-12-05 16:29:57','2022-12-05 16:29:57'),(59,'xxx59','男',19,'软件工程','媒体工程学院','软工1班',59,'\0','2022-12-05 16:29:57','2022-12-05 16:29:57'),(60,'xxx60','女',18,'软件工程','媒体工程学院','软工2班',60,'\0','2022-12-05 16:29:57','2022-12-05 16:29:57'),(61,'xxx61','男',19,'软件工程','媒体工程学院','软工1班',61,'\0','2022-12-05 16:29:57','2022-12-05 16:29:57'),(62,'xxx62','女',18,'软件工程','媒体工程学院','软工2班',62,'\0','2022-12-05 16:29:57','2022-12-05 16:29:57'),(63,'xxx63','男',19,'软件工程','媒体工程学院','软工1班',63,'\0','2022-12-05 16:29:57','2022-12-05 16:29:57'),(64,'xxx64','女',18,'软件工程','媒体工程学院','软工2班',64,'\0','2022-12-05 16:29:57','2022-12-05 16:29:57'),(65,'xxx65','男',19,'软件工程','媒体工程学院','软工1班',65,'\0','2022-12-05 16:29:57','2022-12-05 16:29:57'),(66,'xxx66','女',18,'软件工程','媒体工程学院','软工2班',66,'\0','2022-12-05 16:29:57','2022-12-05 16:29:57'),(67,'xxx67','男',19,'软件工程','媒体工程学院','软工1班',67,'\0','2022-12-05 16:29:57','2022-12-05 16:29:57'),(68,'xxx68','女',18,'软件工程','媒体工程学院','软工2班',68,'\0','2022-12-05 16:29:57','2022-12-05 16:29:57'),(69,'xxx69','男',19,'软件工程','媒体工程学院','软工1班',69,'\0','2022-12-05 16:29:57','2022-12-05 16:29:57'),(70,'xxx70','女',18,'软件工程','媒体工程学院','软工2班',70,'\0','2022-12-05 16:29:57','2022-12-05 16:29:57'),(71,'xxx71','男',19,'软件工程','媒体工程学院','软工1班',71,'\0','2022-12-05 16:29:57','2022-12-05 16:29:57'),(72,'xxx72','女',18,'软件工程','媒体工程学院','软工2班',72,'\0','2022-12-05 16:29:57','2022-12-05 16:29:57'),(73,'xxx73','男',19,'软件工程','媒体工程学院','软工1班',73,'\0','2022-12-05 16:29:57','2022-12-05 16:29:57'),(74,'xxx74','女',18,'软件工程','媒体工程学院','软工2班',74,'\0','2022-12-05 16:29:57','2022-12-05 16:29:57'),(75,'xxx75','男',19,'软件工程','媒体工程学院','软工1班',75,'\0','2022-12-05 16:29:57','2022-12-05 16:29:57'),(76,'xxx76','女',18,'软件工程','媒体工程学院','软工2班',76,'\0','2022-12-05 16:29:57','2022-12-05 16:29:57'),(77,'xxx77','男',19,'软件工程','媒体工程学院','软工1班',77,'\0','2022-12-05 16:29:57','2022-12-05 16:29:57'),(78,'xxx78','女',18,'软件工程','媒体工程学院','软工2班',78,'\0','2022-12-05 16:29:57','2022-12-05 16:29:57'),(79,'xxx79','男',19,'软件工程','媒体工程学院','软工1班',79,'\0','2022-12-05 16:29:57','2022-12-05 16:29:57'),(80,'xxx80','女',18,'软件工程','媒体工程学院','软工2班',80,'\0','2022-12-05 16:29:57','2022-12-05 16:29:57'),(81,'xxx81','男',19,'软件工程','媒体工程学院','软工1班',81,'\0','2022-12-05 16:29:57','2022-12-05 16:29:57'),(82,'xxx82','女',18,'软件工程','媒体工程学院','软工2班',82,'\0','2022-12-05 16:29:57','2022-12-05 16:29:57'),(83,'xxx83','男',19,'软件工程','媒体工程学院','软工1班',83,'\0','2022-12-05 16:29:57','2022-12-05 16:29:57'),(84,'xxx84','女',18,'软件工程','媒体工程学院','软工2班',84,'\0','2022-12-05 16:29:57','2022-12-05 16:29:57'),(85,'xxx85','男',19,'软件工程','媒体工程学院','软工1班',85,'\0','2022-12-05 16:29:57','2022-12-05 16:29:57'),(86,'xxx86','女',18,'软件工程','媒体工程学院','软工2班',86,'\0','2022-12-05 16:29:57','2022-12-05 16:29:57'),(87,'xxx87','男',19,'软件工程','媒体工程学院','软工1班',87,'\0','2022-12-05 16:29:57','2022-12-05 16:29:57'),(88,'xxx88','女',18,'软件工程','媒体工程学院','软工2班',88,'\0','2022-12-05 16:29:57','2022-12-05 16:29:57'),(89,'xxx89','男',19,'软件工程','媒体工程学院','软工1班',89,'\0','2022-12-05 16:29:57','2022-12-05 16:29:57'),(90,'xxx90','女',18,'软件工程','媒体工程学院','软工2班',90,'\0','2022-12-05 16:29:57','2022-12-05 16:29:57');
/*!40000 ALTER TABLE `t_student` ENABLE KEYS */;
UNLOCK TABLES;

--
-- Table structure for table `t_user`
--

DROP TABLE IF EXISTS `t_user`;
/*!40101 SET @saved_cs_client     = @@character_set_client */;
/*!40101 SET character_set_client = utf8 */;
CREATE TABLE `t_user` (
  `id` bigint(20) NOT NULL AUTO_INCREMENT COMMENT '主键id',
  `username` varchar(255) NOT NULL COMMENT '学号、工号',
  `password` varchar(512) NOT NULL COMMENT '密码',
  `deleted` bit(1) NOT NULL DEFAULT b'0' COMMENT '是否删除',
  `create_time` datetime DEFAULT NULL COMMENT '创建时间',
  `update_time` datetime DEFAULT NULL COMMENT '更新时间',
  PRIMARY KEY (`id`)
) ENGINE=InnoDB AUTO_INCREMENT=101 DEFAULT CHARSET=utf8mb4 COMMENT='用户表';
/*!40101 SET character_set_client = @saved_cs_client */;

--
-- Dumping data for table `t_user`
--

LOCK TABLES `t_user` WRITE;
/*!40000 ALTER TABLE `t_user` DISABLE KEYS */;
INSERT INTO `t_user` VALUES (1,'123456','123456','\0','2022-12-02 09:50:43','2022-12-02 09:50:47'),(2,'892605','237798','\0','2022-12-04 12:51:55','2022-12-04 12:51:55'),(3,'310727','775376','\0','2022-12-04 12:51:55','2022-12-04 12:51:55'),(4,'243759','338434','\0','2022-12-04 12:51:55','2022-12-04 12:51:55'),(5,'702369','185915','\0','2022-12-04 12:51:55','2022-12-04 12:51:55'),(6,'898171','354794','\0','2022-12-04 12:51:55','2022-12-04 12:51:55'),(7,'263276','259708','\0','2022-12-04 12:51:55','2022-12-04 12:51:55'),(8,'999414','869817','\0','2022-12-04 12:51:55','2022-12-04 12:51:55'),(9,'428345','686443','\0','2022-12-04 12:51:55','2022-12-04 12:51:55'),(10,'444270','338021','\0','2022-12-04 12:51:55','2022-12-04 12:51:55'),(11,'630814','936836','\0','2022-12-04 12:51:55','2022-12-04 12:51:55'),(12,'962928','797226','\0','2022-12-04 12:51:55','2022-12-04 12:51:55'),(13,'487396','761643','\0','2022-12-04 12:51:55','2022-12-04 12:51:55'),(14,'616676','953951','\0','2022-12-04 12:51:55','2022-12-04 12:51:55'),(15,'815192','970327','\0','2022-12-04 12:51:55','2022-12-04 12:51:55'),(16,'146781','845162','\0','2022-12-04 12:51:55','2022-12-04 12:51:55'),(17,'129032','144428','\0','2022-12-04 12:51:55','2022-12-04 12:51:55'),(18,'353963','294585','\0','2022-12-04 12:51:55','2022-12-04 12:51:55'),(19,'145030','420224','\0','2022-12-04 12:51:55','2022-12-04 12:51:55'),(20,'771019','341889','\0','2022-12-04 12:51:55','2022-12-04 12:51:55'),(21,'807689','889503','\0','2022-12-04 12:51:55','2022-12-04 12:51:55'),(22,'164701','521273','\0','2022-12-04 12:51:55','2022-12-04 12:51:55'),(23,'575103','834780','\0','2022-12-04 12:51:55','2022-12-04 12:51:55'),(24,'592469','268575','\0','2022-12-04 12:51:55','2022-12-04 12:51:55'),(25,'432789','502799','\0','2022-12-04 12:51:55','2022-12-04 12:51:55'),(26,'275089','817263','\0','2022-12-04 12:51:55','2022-12-04 12:51:55'),(27,'791694','522815','\0','2022-12-04 12:51:55','2022-12-04 12:51:55'),(28,'151203','732202','\0','2022-12-04 12:51:55','2022-12-04 12:51:55'),(29,'776656','800320','\0','2022-12-04 12:51:55','2022-12-04 12:51:55'),(30,'223117','262656','\0','2022-12-04 12:51:55','2022-12-04 12:51:55'),(31,'672763','692916','\0','2022-12-04 12:51:55','2022-12-04 12:51:55'),(32,'982335','769319','\0','2022-12-04 12:51:55','2022-12-04 12:51:55'),(33,'215365','439405','\0','2022-12-04 12:51:55','2022-12-04 12:51:55'),(34,'479399','952938','\0','2022-12-04 12:51:55','2022-12-04 12:51:55'),(35,'285700','633793','\0','2022-12-04 12:51:55','2022-12-04 12:51:55'),(36,'369448','860351','\0','2022-12-04 12:51:55','2022-12-04 12:51:55'),(37,'653984','865652','\0','2022-12-04 12:51:55','2022-12-04 12:51:55'),(38,'251308','273619','\0','2022-12-04 12:51:55','2022-12-04 12:51:55'),(39,'303195','688624','\0','2022-12-04 12:51:55','2022-12-04 12:51:55'),(40,'947718','757148','\0','2022-12-04 12:51:55','2022-12-04 12:51:55'),(41,'412233','263156','\0','2022-12-04 12:54:10','2022-12-04 12:54:10'),(42,'260577','558529','\0','2022-12-04 12:54:10','2022-12-04 12:54:10'),(43,'379093','357642','\0','2022-12-04 12:54:10','2022-12-04 12:54:10'),(44,'267516','585643','\0','2022-12-04 12:54:10','2022-12-04 12:54:10'),(45,'193614','310670','\0','2022-12-04 12:54:10','2022-12-04 12:54:10'),(46,'979688','363062','\0','2022-12-04 12:54:10','2022-12-04 12:54:10'),(47,'473670','427226','\0','2022-12-04 12:54:10','2022-12-04 12:54:10'),(48,'845135','493047','\0','2022-12-04 12:54:10','2022-12-04 12:54:10'),(49,'553513','966082','\0','2022-12-04 12:54:10','2022-12-04 12:54:10'),(50,'376015','716755','\0','2022-12-04 12:54:10','2022-12-04 12:54:10'),(51,'523233','807573','\0','2022-12-04 12:54:10','2022-12-04 12:54:10'),(52,'354089','180872','\0','2022-12-04 12:54:10','2022-12-04 12:54:10'),(53,'720286','569931','\0','2022-12-04 12:54:10','2022-12-04 12:54:10'),(54,'266060','773966','\0','2022-12-04 12:54:10','2022-12-04 12:54:10'),(55,'436552','163546','\0','2022-12-04 12:54:10','2022-12-04 12:54:10'),(56,'785250','708513','\0','2022-12-04 12:54:10','2022-12-04 12:54:10'),(57,'505550','335241','\0','2022-12-04 12:54:10','2022-12-04 12:54:10'),(58,'772759','854972','\0','2022-12-04 12:54:10','2022-12-04 12:54:10'),(59,'233723','312187','\0','2022-12-04 12:54:10','2022-12-04 12:54:10'),(60,'155269','909654','\0','2022-12-04 12:54:10','2022-12-04 12:54:10'),(61,'505747','671880','\0','2022-12-04 12:54:10','2022-12-04 12:54:10'),(62,'458265','728709','\0','2022-12-04 12:54:10','2022-12-04 12:54:10'),(63,'805983','519490','\0','2022-12-04 12:54:10','2022-12-04 12:54:10'),(64,'544775','413074','\0','2022-12-04 12:54:10','2022-12-04 12:54:10'),(65,'270475','922620','\0','2022-12-04 12:54:10','2022-12-04 12:54:10'),(66,'744611','341649','\0','2022-12-04 12:54:10','2022-12-04 12:54:10'),(67,'310982','865053','\0','2022-12-04 12:54:10','2022-12-04 12:54:10'),(68,'631744','408462','\0','2022-12-04 12:54:10','2022-12-04 12:54:10'),(69,'682649','920373','\0','2022-12-04 12:54:10','2022-12-04 12:54:10'),(70,'532106','479766','\0','2022-12-04 12:54:10','2022-12-04 12:54:10'),(71,'831426','571782','\0','2022-12-04 12:54:10','2022-12-04 12:54:10'),(72,'223299','392305','\0','2022-12-04 12:54:10','2022-12-04 12:54:10'),(73,'326017','701876','\0','2022-12-04 12:54:10','2022-12-04 12:54:10'),(74,'827019','400751','\0','2022-12-04 12:54:10','2022-12-04 12:54:10'),(75,'467137','469504','\0','2022-12-04 12:54:10','2022-12-04 12:54:10'),(76,'215909','337950','\0','2022-12-04 12:54:10','2022-12-04 12:54:10'),(77,'912681','132349','\0','2022-12-04 12:54:10','2022-12-04 12:54:10'),(78,'601870','221280','\0','2022-12-04 12:54:10','2022-12-04 12:54:10'),(79,'890276','819558','\0','2022-12-04 12:54:10','2022-12-04 12:54:10'),(80,'283003','481800','\0','2022-12-04 12:54:10','2022-12-04 12:54:10'),(81,'811184','529473','\0','2022-12-04 12:54:10','2022-12-04 12:54:10'),(82,'599156','559996','\0','2022-12-04 12:54:10','2022-12-04 12:54:10'),(83,'856953','342081','\0','2022-12-04 12:54:10','2022-12-04 12:54:10'),(84,'869638','182145','\0','2022-12-04 12:54:10','2022-12-04 12:54:10'),(85,'933917','892686','\0','2022-12-04 12:54:10','2022-12-04 12:54:10'),(86,'401606','790953','\0','2022-12-04 12:54:10','2022-12-04 12:54:10'),(87,'924115','920341','\0','2022-12-04 12:54:10','2022-12-04 12:54:10'),(88,'877840','683498','\0','2022-12-04 12:54:10','2022-12-04 12:54:10'),(89,'335166','777722','\0','2022-12-04 12:54:10','2022-12-04 12:54:10'),(90,'216413','588832','\0','2022-12-04 12:54:10','2022-12-04 12:54:10'),(91,'317313','663855','\0','2022-12-04 12:54:10','2022-12-04 12:54:10'),(92,'753402','138034','\0','2022-12-04 12:54:10','2022-12-04 12:54:10'),(93,'415533','942343','\0','2022-12-04 12:54:10','2022-12-04 12:54:10'),(94,'927450','987551','\0','2022-12-04 12:54:10','2022-12-04 12:54:10'),(95,'528855','445663','\0','2022-12-04 12:54:10','2022-12-04 12:54:10'),(96,'918832','382515','\0','2022-12-04 12:54:10','2022-12-04 12:54:10'),(97,'972599','522550','\0','2022-12-04 12:54:10','2022-12-04 12:54:10'),(98,'795868','898742','\0','2022-12-04 12:54:10','2022-12-04 12:54:10'),(99,'118148','140550','\0','2022-12-04 12:54:10','2022-12-04 12:54:10'),(100,'852943','517185','\0','2022-12-04 12:54:10','2022-12-04 12:54:10');
/*!40000 ALTER TABLE `t_user` ENABLE KEYS */;
UNLOCK TABLES;

--
-- Table structure for table `t_user_role`
--

DROP TABLE IF EXISTS `t_user_role`;
/*!40101 SET @saved_cs_client     = @@character_set_client */;
/*!40101 SET character_set_client = utf8 */;
CREATE TABLE `t_user_role` (
  `id` bigint(20) NOT NULL AUTO_INCREMENT COMMENT '主键id',
  `user_id` bigint(20) NOT NULL COMMENT '用户id',
  `role_id` bigint(20) NOT NULL COMMENT '角色id',
  `deleted` bit(1) NOT NULL DEFAULT b'0' COMMENT '是否删除',
  `create_time` datetime DEFAULT NULL COMMENT '创建时间',
  `update_time` datetime DEFAULT NULL COMMENT '更新时间',
  PRIMARY KEY (`id`)
) ENGINE=InnoDB AUTO_INCREMENT=101 DEFAULT CHARSET=utf8mb4 COMMENT='用户角色表';
/*!40101 SET character_set_client = @saved_cs_client */;

--
-- Dumping data for table `t_user_role`
--

LOCK TABLES `t_user_role` WRITE;
/*!40000 ALTER TABLE `t_user_role` DISABLE KEYS */;
INSERT INTO `t_user_role` VALUES (1,1,1,'\0','2022-12-02 09:52:01','2022-12-02 09:52:04'),(2,2,1,'\0','2022-12-04 12:58:33','2022-12-04 12:58:33'),(3,3,1,'\0','2022-12-04 12:58:33','2022-12-04 12:58:33'),(4,4,1,'\0','2022-12-04 12:58:33','2022-12-04 12:58:33'),(5,5,1,'\0','2022-12-04 12:58:33','2022-12-04 12:58:33'),(6,6,1,'\0','2022-12-04 12:58:33','2022-12-04 12:58:33'),(7,7,1,'\0','2022-12-04 12:58:33','2022-12-04 12:58:33'),(8,8,1,'\0','2022-12-04 12:58:33','2022-12-04 12:58:33'),(9,9,1,'\0','2022-12-04 12:58:33','2022-12-04 12:58:33'),(10,10,1,'\0','2022-12-04 12:58:33','2022-12-04 12:58:33'),(11,11,1,'\0','2022-12-04 12:58:33','2022-12-04 12:58:33'),(12,12,1,'\0','2022-12-04 12:58:33','2022-12-04 12:58:33'),(13,13,1,'\0','2022-12-04 12:58:33','2022-12-04 12:58:33'),(14,14,1,'\0','2022-12-04 12:58:33','2022-12-04 12:58:33'),(15,15,1,'\0','2022-12-04 12:58:33','2022-12-04 12:58:33'),(16,16,1,'\0','2022-12-04 12:58:33','2022-12-04 12:58:33'),(17,17,1,'\0','2022-12-04 12:58:33','2022-12-04 12:58:33'),(18,18,1,'\0','2022-12-04 12:58:33','2022-12-04 12:58:33'),(19,19,1,'\0','2022-12-04 12:58:33','2022-12-04 12:58:33'),(20,20,1,'\0','2022-12-04 12:58:33','2022-12-04 12:58:33'),(21,21,1,'\0','2022-12-04 12:58:33','2022-12-04 12:58:33'),(22,22,1,'\0','2022-12-04 12:58:33','2022-12-04 12:58:33'),(23,23,1,'\0','2022-12-04 12:58:33','2022-12-04 12:58:33'),(24,24,1,'\0','2022-12-04 12:58:33','2022-12-04 12:58:33'),(25,25,1,'\0','2022-12-04 12:58:33','2022-12-04 12:58:33'),(26,26,1,'\0','2022-12-04 12:58:33','2022-12-04 12:58:33'),(27,27,1,'\0','2022-12-04 12:58:33','2022-12-04 12:58:33'),(28,28,1,'\0','2022-12-04 12:58:33','2022-12-04 12:58:33'),(29,29,1,'\0','2022-12-04 12:58:33','2022-12-04 12:58:33'),(30,30,1,'\0','2022-12-04 12:58:33','2022-12-04 12:58:33'),(31,31,1,'\0','2022-12-04 12:58:33','2022-12-04 12:58:33'),(32,32,1,'\0','2022-12-04 12:58:33','2022-12-04 12:58:33'),(33,33,1,'\0','2022-12-04 12:58:33','2022-12-04 12:58:33'),(34,34,1,'\0','2022-12-04 12:58:33','2022-12-04 12:58:33'),(35,35,1,'\0','2022-12-04 12:58:33','2022-12-04 12:58:33'),(36,36,1,'\0','2022-12-04 12:58:33','2022-12-04 12:58:33'),(37,37,1,'\0','2022-12-04 12:58:33','2022-12-04 12:58:33'),(38,38,1,'\0','2022-12-04 12:58:33','2022-12-04 12:58:33'),(39,39,1,'\0','2022-12-04 12:58:33','2022-12-04 12:58:33'),(40,40,1,'\0','2022-12-04 12:58:33','2022-12-04 12:58:33'),(41,41,1,'\0','2022-12-04 12:58:33','2022-12-04 12:58:33'),(42,42,1,'\0','2022-12-04 12:58:33','2022-12-04 12:58:33'),(43,43,1,'\0','2022-12-04 12:58:33','2022-12-04 12:58:33'),(44,44,1,'\0','2022-12-04 12:58:33','2022-12-04 12:58:33'),(45,45,1,'\0','2022-12-04 12:58:33','2022-12-04 12:58:33'),(46,46,1,'\0','2022-12-04 12:58:33','2022-12-04 12:58:33'),(47,47,1,'\0','2022-12-04 12:58:33','2022-12-04 12:58:33'),(48,48,1,'\0','2022-12-04 12:58:33','2022-12-04 12:58:33'),(49,49,1,'\0','2022-12-04 12:58:33','2022-12-04 12:58:33'),(50,50,1,'\0','2022-12-04 12:58:33','2022-12-04 12:58:33'),(51,51,1,'\0','2022-12-04 12:58:33','2022-12-04 12:58:33'),(52,52,1,'\0','2022-12-04 12:58:33','2022-12-04 12:58:33'),(53,53,1,'\0','2022-12-04 12:58:33','2022-12-04 12:58:33'),(54,54,1,'\0','2022-12-04 12:58:33','2022-12-04 12:58:33'),(55,55,1,'\0','2022-12-04 12:58:33','2022-12-04 12:58:33'),(56,56,1,'\0','2022-12-04 12:58:33','2022-12-04 12:58:33'),(57,57,1,'\0','2022-12-04 12:58:33','2022-12-04 12:58:33'),(58,58,1,'\0','2022-12-04 12:58:34','2022-12-04 12:58:34'),(59,59,1,'\0','2022-12-04 12:58:34','2022-12-04 12:58:34'),(60,60,1,'\0','2022-12-04 12:58:34','2022-12-04 12:58:34'),(61,61,1,'\0','2022-12-04 12:58:34','2022-12-04 12:58:34'),(62,62,1,'\0','2022-12-04 12:58:34','2022-12-04 12:58:34'),(63,63,1,'\0','2022-12-04 12:58:34','2022-12-04 12:58:34'),(64,64,1,'\0','2022-12-04 12:58:34','2022-12-04 12:58:34'),(65,65,1,'\0','2022-12-04 12:58:34','2022-12-04 12:58:34'),(66,66,1,'\0','2022-12-04 12:58:34','2022-12-04 12:58:34'),(67,67,1,'\0','2022-12-04 12:58:34','2022-12-04 12:58:34'),(68,68,1,'\0','2022-12-04 12:58:34','2022-12-04 12:58:34'),(69,69,1,'\0','2022-12-04 12:58:34','2022-12-04 12:58:34'),(70,70,1,'\0','2022-12-04 12:58:34','2022-12-04 12:58:34'),(71,71,1,'\0','2022-12-04 12:58:34','2022-12-04 12:58:34'),(72,72,1,'\0','2022-12-04 12:58:34','2022-12-04 12:58:34'),(73,73,1,'\0','2022-12-04 12:58:34','2022-12-04 12:58:34'),(74,74,1,'\0','2022-12-04 12:58:34','2022-12-04 12:58:34'),(75,75,1,'\0','2022-12-04 12:58:34','2022-12-04 12:58:34'),(76,76,1,'\0','2022-12-04 12:58:34','2022-12-04 12:58:34'),(77,77,1,'\0','2022-12-04 12:58:34','2022-12-04 12:58:34'),(78,78,1,'\0','2022-12-04 12:58:34','2022-12-04 12:58:34'),(79,79,1,'\0','2022-12-04 12:58:34','2022-12-04 12:58:34'),(80,80,1,'\0','2022-12-04 12:58:34','2022-12-04 12:58:34'),(81,81,1,'\0','2022-12-04 12:58:34','2022-12-04 12:58:34'),(82,82,1,'\0','2022-12-04 12:58:34','2022-12-04 12:58:34'),(83,83,1,'\0','2022-12-04 12:58:34','2022-12-04 12:58:34'),(84,84,1,'\0','2022-12-04 12:58:34','2022-12-04 12:58:34'),(85,85,1,'\0','2022-12-04 12:58:34','2022-12-04 12:58:34'),(86,86,1,'\0','2022-12-04 12:58:34','2022-12-04 12:58:34'),(87,87,1,'\0','2022-12-04 12:58:34','2022-12-04 12:58:34'),(88,88,1,'\0','2022-12-04 12:58:34','2022-12-04 12:58:34'),(89,89,1,'\0','2022-12-04 12:58:34','2022-12-04 12:58:34'),(90,90,1,'\0','2022-12-04 12:58:34','2022-12-04 12:58:34'),(91,91,2,'\0','2022-12-04 13:02:57','2022-12-04 13:02:57'),(92,92,3,'\0','2022-12-04 13:02:57','2022-12-04 13:02:57'),(93,93,4,'\0','2022-12-04 13:02:57','2022-12-04 13:02:57'),(94,94,5,'\0','2022-12-04 13:02:57','2022-12-04 13:02:57'),(95,95,6,'\0','2022-12-04 13:02:57','2022-12-04 13:02:57'),(96,96,7,'\0','2022-12-04 13:02:57','2022-12-04 13:02:57'),(97,97,8,'\0','2022-12-04 13:02:57','2022-12-04 13:02:57'),(98,98,9,'\0','2022-12-04 13:02:57','2022-12-04 13:02:57'),(99,99,10,'\0','2022-12-04 13:02:57','2022-12-04 13:02:57'),(100,100,11,'\0','2022-12-04 13:02:57','2022-12-04 13:02:57');
/*!40000 ALTER TABLE `t_user_role` ENABLE KEYS */;
UNLOCK TABLES;

--
-- Dumping events for database 'cuzcms'
--

--
-- Dumping routines for database 'cuzcms'
--
/*!40103 SET TIME_ZONE=@OLD_TIME_ZONE */;

/*!40101 SET SQL_MODE=@OLD_SQL_MODE */;
/*!40014 SET FOREIGN_KEY_CHECKS=@OLD_FOREIGN_KEY_CHECKS */;
/*!40014 SET UNIQUE_CHECKS=@OLD_UNIQUE_CHECKS */;
/*!40101 SET CHARACTER_SET_CLIENT=@OLD_CHARACTER_SET_CLIENT */;
/*!40101 SET CHARACTER_SET_RESULTS=@OLD_CHARACTER_SET_RESULTS */;
/*!40101 SET COLLATION_CONNECTION=@OLD_COLLATION_CONNECTION */;
/*!40111 SET SQL_NOTES=@OLD_SQL_NOTES */;

-- Dump completed on 2023-03-14 21:26:52
